,DISTRICT,tot,NHwhite,NHblack,hispanic,totVAP,WVAP,BVAP,HVAP,G16PREDCli,G16PRELJoh,G16PRERTru,G16USSDBar,G16USSLBuc,G16USSRIsa,G16PSCLHos,G16PSCREch,G18DATG,G18DCmAg,G18DCmIns,G18DCmLab,G18DGOV,G18DLTG,G18DPbSrv,G18DSOS,G18DSchSpr,G18DStSen,G18LCmIns,G18LGOV,G18LPbSrv,G18LSOS,G18RATG,G18RCmAg,G18RCmIns,G18RCmLab,G18RGOV,G18RLTG,G18RPbSrv,G18RSOS,G18RSchSpr,G18RStSen
0,001,171415.98147524352,114988.53853433892,37054.43804246465,10257.753761348773,127667.37209389838,89854.18522690634,25800.171481056434,6356.592894395848,27739.4193992076,2376.7231721559247,44017.16167948449,22649.660130991797,2660.305845093766,45541.91011318368,16335.141379035162,50012.043361171556,28045.33074125476,26611.45871828096,26508.831003108404,26983.112594999784,28447.396102562376,27427.564521392233,53752.64616081875,30453.12915250009,26858.61953648406,27373.157749671336,1803.3027206769027,743.1076554960833,3632.6544220013134,1518.8082668494371,41167.611946197314,42164.93554607716,40963.793632721616,42033.72161351821,41308.28904096351,40470.697762205986,80817.16947037472,37777.92188866276,42398.42828013745,42239.88616064509
1,002,172049.6001555201,63084.351764984836,91912.3742930451,9857.312382150452,132528.63581666144,54492.91889500068,65898.97013753353,6978.950715792569,45842.580600792404,1978.2768278440753,17037.83832051551,38867.33986900821,2503.694154906234,19818.08988681632,25814.858620964842,26918.956638828444,42887.25556928698,41736.11428663169,41579.745020130475,42395.45982367455,44257.19687334584,41540.003910475185,84227.50605223943,43870.45538021666,42573.965903001605,49395.83236210388,1626.7200853914399,567.8984205114609,3093.3889963396723,1519.2157212684633,15580.594786555168,16285.282514503017,15235.404610377096,15951.496476996857,15025.910060916982,15045.50099395291,29614.22103717416,13586.265469273147,16017.779373428724,58.57192795767736
2,003,171952.067112449,118711.0699809472,39185.99750080308,8533.999993287574,129192.0442793735,92672.04645503688,27808.998109623168,5462.999995767397,21530.9827738518,1711.5672249089002,44577.08236636825,17821.775714771044,2702.7620845001566,42046.73225385752,13052.970574362302,46247.08596224557,20432.344946781715,19806.48193175044,19767.69545537038,19965.83562608803,20731.628550221943,19734.481943031613,39777.46746017148,20659.77199463155,19703.561722341336,19935.569898248446,1470.2199631524854,545.070086116721,2995.8540483581037,1211.1498831291783,41298.67797634276,41560.461196667624,40448.107515911164,41579.11396541188,41741.028441722,40556.951132603026,80541.43424923441,40172.09780216233,41992.59814383314,42057.585217170126
3,004,173075.18352596433,118309.15015079694,41255.00945395406,8958.024020670435,131149.13688267645,92265.11609530544,30239.009511232212,5691.011262939657,18884.13020748506,1804.470160103469,43642.819763974025,15582.14594058579,2275.696228726608,43269.533188335074,11777.627254277051,45921.163367679575,17929.23830816184,16769.409300590614,16993.435246205634,17338.874461220545,18174.825495291243,17181.6368979144,34519.3069307555,21712.4426791667,17112.434794686727,0.000179584106448,1292.5545821505352,535.2250017675573,2819.2030255714135,961.5309118041284,42712.649566840286,43721.62146602874,42436.26017747246,43298.92798920541,43414.11685741106,42077.601655577244,83883.48277789133,38679.16506531622,43704.37364006958,51946.99644811499
4,005,172278.25187978527,33375.40235668945,47208.834627522665,71100.15459521492,119791.65767598146,27734.95561554451,31995.778926443996,45301.016046830155,31896.68956457065,1521.1617689928928,11092.733876056012,27508.528101975535,2048.398737591308,12020.033737542077,20792.28481622024,16036.913607516955,31305.874563386336,30531.04864651046,30449.722588075303,30915.557671758903,32066.56792859107,30241.901876077736,61239.00686148002,30925.429958991168,30678.343794297085,34195.071849085696,1345.5055242872263,458.24490007803047,2501.3900393489844,1186.639829322183,10965.12632764196,11515.67675382984,10465.587260493747,11331.946025843059,10540.49086122128,10578.434531600413,20863.813218321015,10420.724743432902,11705.695137055423,1845.889372125599
5,006,173740.23358873342,97503.22629707197,38688.227096100985,24756.891544172937,137193.3988482271,81437.76475598311,29845.3225521464,16162.670666991267,45399.42010860547,3946.7302136747576,32640.305066491597,35357.707008708836,3937.8921810243123,41481.95868565793,26524.227801432447,46835.610035957274,45339.530962521145,42743.647849879664,43452.8405231423,43350.63008524645,47759.030120305266,45563.85071313256,87636.90836019863,45466.781178093996,42576.47061085726,46284.983260112516,2663.8485841212078,1081.7950639976507,5191.5401611773295,2563.6879169076055,34197.03413573494,36001.511218738364,32895.63927308414,35222.92686962017,31945.847508952178,33118.142537189364,65050.58564472611,31764.1048045328,36281.860092305855,32978.77027312024
6,007,171776.73022510821,119056.38067669698,37645.02503884852,11701.332054014032,128024.79389833933,92251.53781144459,26924.03354233296,6909.222228120186,14195.0172261482,939.4327750911,44861.91763363175,11933.224285228953,1665.2379154998437,41605.267746142476,8677.0294256377,44126.91403775443,12661.842345674044,12136.662395204568,12249.46299572261,12340.3478528324,12694.66788793141,11690.618910409641,24624.92720768344,13417.429240506788,11998.61052589748,10.430066369174126,764.8272970861951,250.93770078522587,1667.1811453086473,513.8675700310959,41713.5183001407,42212.76645227614,41470.0730857377,42129.084588295096,42904.131250252576,40963.22346562272,82644.92624668159,40827.077454992956,42732.627600169624,46784.07047345822
7,008,171385.51468514607,100963.71799896921,55942.89135301149,9198.229007744021,128254.65377083697,79221.94142289413,39797.92559463045,5852.004716787043,21928.0,1305.0,36497.99999999999,18737.000000000004,2050.0,34649.0,13083.000000000002,39095.0,20618.599315998843,19844.553209114856,20161.589515125495,20324.56295827047,21163.63936936467,19668.58789432843,40422.144353048745,20725.62816023714,20143.570340097933,0.0,1031.0147187623365,324.0148729487555,2141.0535366795293,892.017350375966,34562.96385024211,35307.98679180655,34002.94355270139,34840.99667090689,34875.92916779715,33886.93822132288,67821.92081673178,33726.9162400947,35169.99002901377,40846.18380475435
8,009,173882.85794402775,103869.06340525154,33783.28942898167,18209.000578059637,125263.66280035448,79745.39382518006,22104.849508230884,11605.173882276878,37027.34948878819,3346.872002553142,45394.654503381505,31230.515497632736,4102.005740973832,47124.63514510639,24661.45934774815,52091.61101726326,40175.50440330014,38645.02031627187,38748.1940228661,39048.12668772891,40959.53708802149,39291.81646582871,78055.63415409318,39714.184099114354,38561.685766439325,39278.36183870514,2662.1584267823837,1037.515127232286,5012.6258623424865,2244.71631748828,41285.41375594411,42445.24363119711,40045.466523801755,42200.23538816267,40714.81902396382,40506.247475214004,79705.2833438914,39908.9681833025,42977.89183833453,42056.35166258384
9,010,172380.07863283658,39457.03176882008,117497.64764780381,7142.101564389209,125299.00704222667,31540.701616667793,83947.85393926366,4386.918703473304,65532.0,1460.9999999999998,16054.0,58720.0,2227.0,17765.0,42948.0,25819.0,66713.71355115059,65706.15595130656,65923.53843507494,66327.34792805581,68580.13359395401,64767.99013629971,132223.54323475476,66351.91908576059,66369.63024583325,71299.97370174265,1624.6420937875844,376.84320839271254,2953.3007451779936,1523.821575253694,14484.67278129613,15165.341165665826,13813.013538485264,14853.814050447398,13791.926846116887,13913.237453173972,27521.184536598466,13712.158468028327,15095.492383495584,3.647693819595657
10,011,172581.40545456958,98921.31110274376,56782.011222147106,13702.760213935953,127854.28228558162,77810.08152438121,39733.99464682692,8304.988379880871,22052.000000000004,1005.0,40357.0,18618.0,1653.0000000000002,38271.0,12635.000000000002,42012.00000000001,19213.51253300059,18227.55300005214,18747.519407645934,18732.54624261915,19633.473235806483,17999.51165660746,37608.076032763944,19532.484867912593,18630.53835949743,0.221573780098245,790.9882501915215,271.9854244708442,1643.9503721342808,614.9844070526275,37413.13064645251,38280.110616072154,37070.15032480469,37901.10113102043,38191.1678264197,36870.15605990474,74010.2677418211,36666.17562714554,38193.10728228099,45003.753419325054
11,012,172920.18201849962,56327.649931347965,107072.75166523036,6146.148029883598,130402.35365344278,47347.574346136214,76276.75561731758,4549.316583699188,38326.42416979496,796.0350363855871,22435.44694723923,32895.97815584771,1045.19223347474,23572.8664505743,21737.710186777123,28556.76227470952,34876.814133340864,33791.43393043224,34313.23615441941,34306.72338061444,35985.97036571934,32893.2225104038,68694.56362055698,35422.531474881755,34309.29133180326,44413.145919760784,829.3962343900713,224.3560598091004,1541.0519421347337,624.4118922286893,20952.182520486025,21712.265953392176,20591.216512071318,21478.373785163003,21139.746534329566,20636.82336343408,41256.888253671474,20054.42393289689,21650.100564696168,113.93273904958876
12,013,171371.10357383586,102902.8712628475,56608.32446277326,8140.530903967426,128663.87388659276,80831.81942119075,40438.29317378498,5072.468128649154,19148.57583020504,1040.9649636144127,42043.55305276077,15856.021844152294,1389.80776652526,41114.1335494257,10849.289813222877,43284.237725290484,17896.926913886542,16804.35285660176,17188.53447355628,17356.021617119644,18404.663931237723,16671.6153381299,34875.89837386568,18766.196380701465,17073.464930530983,93.63364864477295,971.5572076108901,272.6367981278523,1786.913187416344,621.571162803674,40365.64256985588,41311.528870060705,40116.62348870674,40894.44745740017,41289.11687673966,39865.02219606739,79815.79261059249,39222.42122131815,41355.69575388052,47371.60598531252
13,014,173199.66534623617,132662.53125465175,15088.55125698076,18980.957721444287,126597.92371428774,100614.3832779767,10387.260114474218,11709.963396059033,18941.667924013163,3206.969726548913,53063.004749581036,16196.301257797215,4331.573513471751,51710.90184960815,16033.799256294707,53825.93056857956,20842.962737884172,19536.170957193208,19254.941385052312,19750.99668804336,20671.669566039996,20444.642706034505,39378.41090697153,20241.97970278003,19341.541722481867,20443.80008984487,2564.477223259725,1013.6309881894414,5112.8112442987485,2016.2118070102126,49490.001223652165,50559.810826668705,48649.060026069696,50333.77339687364,49908.87569695712,49419.07055347691,96053.91882376302,48375.473468096614,50871.63235624825,49926.727363598686
14,015,173281.26809139235,61299.66205777108,94959.3871401429,10633.039530895987,128462.8828011116,49110.46642750997,68493.27689489073,6935.034356623988,36142.46939562009,1021.6788642351967,15913.187982419866,30431.226946121642,1452.5549561606538,16881.83540638645,22083.935614566773,20824.699338415412,33009.73472995337,32175.75196688237,32294.426533758095,32527.70944141033,34017.57318683298,30956.012294261865,65099.55407209815,33018.54079732422,32557.555153137226,39356.40552322139,890.9489576884582,275.53794054941153,1681.253518042856,780.1940766958543,14682.149179599584,15183.766578240233,14378.220592011161,15162.702576186362,14752.262632743681,14334.092851220628,28663.10678610083,14047.010934472368,15230.632400317523,819.4812728239897
15,016,172006.8034361267,122692.88108881687,35528.0588715738,7127.931104036637,127446.22927598494,93642.52774308396,25298.80451513706,4551.966349318489,25134.0,2493.0,55643.00000000001,20842.0,3373.0000000000005,55457.00000000001,16582.0,58423.0,25088.811685345965,23603.86237860879,23805.840137452542,23973.869404304467,25420.81134399489,24227.840402377267,48168.701945689114,24820.83233739732,23611.87556309636,24856.820795199335,2016.9299653752898,894.972396136079,4154.864462040707,1693.9347345927156,52960.52242900649,53930.48693790079,52268.55867140123,53767.47660101457,53271.5114464968,52594.52933569968,103451.10010605665,51942.54858394399,54453.44825799811,38321.506188466126
16,017,171821.9408467169,107615.47278932751,50260.52249072708,7977.639924369214,121375.04858707977,79929.73753392624,33233.12187895278,4850.891323691616,33997.0,2232.0,47064.0,30114.999999999996,3077.0,46006.0,23158.999999999996,51111.0,37895.38441400892,36515.42020919733,36742.39434701698,36980.41895082256,38204.37602076217,36622.38494504815,73874.78515128382,37415.356848300435,36755.43078489712,37088.239851872786,1957.9168201024966,607.968749861953,3841.8474940636806,1567.9612316648484,43196.30204844737,44256.2560363334,42538.36682711626,44026.255867147025,43584.31238258977,42602.34905704617,84606.71580731787,42474.35279428569,44493.253187116155,44361.88679125316
17,018,172981.31056434326,113281.43818531015,48041.89860827644,6125.969610379921,132566.48944720248,89586.55388741949,35484.939057451265,3905.9903367756697,26862.536863379624,1719.8819792924246,46018.15645814997,22937.107910563227,2218.1897625398815,45801.53417948147,16130.148860732956,49707.710115537164,27223.545427830726,25674.73992227207,25916.537288024032,26131.260510009728,27259.809283387738,26071.21722912939,52924.876298667135,27756.7537310309,25888.533105863953,212.35305942206816,1364.457307020455,522.4108295862571,2681.9674277776967,1087.9524161043166,44531.29181219083,45807.54877739425,44569.97678542367,45485.9342374882,45471.05238172845,43939.202020985955,87843.72712345784,43307.91393300813,45891.177128883704,55766.87280487262
18,019,173212.24055493437,108219.96533079192,45168.178233935505,15520.909736357611,128875.86281692292,83543.78738671601,32897.848867875444,10082.445135535081,14858.869792514932,970.5298398965308,39560.18023602596,12431.854059414207,1480.303771273392,37544.46681166491,8697.372745722947,39105.8366323204,14232.120352352173,13480.967602100935,13529.938760959309,13781.501780302631,14175.527491466226,13495.74301144178,27706.43716420154,16883.9101567815,13704.92918137029,56.008153877306036,804.4192632595027,282.76743757035206,1805.7436419780927,577.4428756923364,37585.01776460678,38389.0307831272,37679.41338905856,38095.72439190357,39073.55644778038,37465.075474359495,74197.87907527831,34948.53024624441,38345.28832920507,43249.39407701376
19,020,173861.39650655695,109797.79845295617,49812.25230492033,7596.261698319399,128980.13412709943,84986.84451730456,35104.1215189056,4759.175183243495,24740.869279930674,1883.5676488561696,47496.14632404392,20771.73688869563,2255.4541328377218,47329.38339199693,14932.268960458452,50958.86853446163,25673.178940297872,24371.97914542172,24643.064929807602,24783.662172955963,25853.155278105267,24769.166890423985,49949.300431299314,26548.759278246172,24671.874281211814,273.58955776031326,1416.0604654736128,598.2039164821383,2854.816052007356,1174.6177907106364,46440.06322067126,47625.78217554653,46120.802637751265,47275.75005641133,47201.90279371485,45677.67108341271,91458.17382367626,44784.19742352302,47612.75950145807,57291.2183241889
20,021,174507.9871118114,139023.45884550863,10912.413907295751,11741.833832460126,125212.94269744902,101927.40958702007,7503.035147005471,7457.033089603686,24816.85494225463,4133.557372186386,62475.62874517492,19470.61022237106,4896.899803598436,64410.16968967127,18304.35830945577,67282.81583144162,26304.870117960414,24667.316074403152,24684.194621583807,24772.044645728085,26983.423161866373,26026.581987406364,49832.33307181217,25913.69954611398,24122.24870806163,25642.75224097689,3062.0563126492016,1305.9175775936112,6171.356680102176,2561.7990484946276,60496.41542680574,61576.24407114774,58960.891586852595,61418.194670668185,59838.38305002282,59913.30940356903,116842.31367570833,58785.51698399547,62465.11639788906,61000.655086313374
21,022,171675.77869556716,57287.23238262208,99910.282501258,7217.461839898117,129064.15611973312,48127.19103107136,71000.98598968064,4982.472108270999,43958.35093643323,1479.0746373720017,17185.141951791626,38009.097169368426,1786.1194197952027,18729.179270477627,25151.776228668816,25476.403182593633,41508.61437971176,40567.21660359999,40407.19349421876,41045.271412081776,42578.66025624138,39977.598361906224,81238.36835326371,42804.20537081026,40997.98702381352,48497.303930019654,1209.2527517538686,444.0970572245273,2464.5480926864884,1009.3549123390085,15652.987129884257,16264.18859271419,15535.06194354818,16133.107501783295,15404.011036731617,15361.73213028746,30611.73054522168,14033.075505923047,16323.405845459967,21.58519500063763
22,023,172175.4057960062,99565.73350160911,61802.28376880607,5544.320728940844,128529.5085476487,78078.29267638014,43540.96132268156,3587.218644139784,28242.176092249156,1352.656179805581,40796.97737885982,23798.819174144075,1864.5607010790554,39817.23790011133,15363.51018222477,44168.53319345832,26498.63745454753,25416.17965027934,25468.242214974176,25891.071063966494,26925.61473448565,25164.861910062024,51552.434326110095,29596.841432247256,25662.413672006543,10.69568666191224,1169.5938109363024,416.82809614993766,2545.0791472778465,814.547433528297,38487.78723693384,39231.48826592164,38380.66028935236,39062.545328249675,39330.678503380695,37993.07560031027,75852.8613436168,35313.95169639574,39500.19880514164,48998.086329851096
23,024,171947.80972817334,124066.02830271733,33166.43371359688,6909.21749498185,128640.32781552851,95303.5088105903,24236.05267577427,4207.309227688196,25046.472971317613,2486.2691828224174,57282.880669348546,21009.0836564875,2939.319879125742,56060.58282941104,15153.713589106414,61126.063623948045,27298.75926792789,25619.61435589773,25792.575060980613,26256.6685194572,27580.73660190462,26258.550261375745,52118.2192170902,28802.965571558005,26615.610109895886,0.003946035281998,2132.153907073154,840.0750066679262,4248.37378756834,1623.097921672275,59641.23970515034,60980.33756608637,58998.29167458803,60429.36142357887,60212.32481415136,58996.20598366455,117257.43568006354,57053.985788866594,60520.40993560456,70352.34611629775
24,025,174016.38964036782,111986.21551766225,52069.15555238397,5684.022900217677,134483.33055952142,89944.20619520886,38127.11680915383,3698.009251395908,25500.016155018926,1699.0080552973795,49152.80361659417,21576.888931667712,2340.1223872111714,48602.46545699283,14799.496001967418,52225.1820526824,24642.236618817664,23175.7584287993,23635.488513141267,23816.73780786653,24989.997648195305,23555.679967992746,48204.69419561257,25218.67716341824,23575.293587259905,41.167038837746645,1449.2480158320586,486.67734216481176,2813.405661691022,1058.3519043764547,48719.11575368786,49980.39509146846,48349.69710107288,49386.880890729015,49482.718804553864,48175.079364418925,95628.78439616926,47528.38372124983,49853.85739505964,58005.535401264664
25,026,171348.7475143813,60087.38997861872,102690.69349527234,5002.746880517137,126586.94528549715,48667.292610059594,72456.8226614926,3297.8263608437587,41296.577701670765,1056.5423165540244,20507.893601211927,35418.26626907342,1427.2337174112238,21514.616971528743,22657.08617684116,26336.23929731878,39202.85621989572,38097.34978644754,38434.73348180948,38697.16348481993,40478.849481647834,37656.76513894993,77810.771789619,40184.62677955264,38691.12507639915,44532.90353176509,969.2213541965407,303.7037049331772,1812.7878942172078,863.0677304390434,19879.090306546208,20623.82346054183,19712.089278759642,20281.98860468637,20050.87656461919,19228.615553141226,38547.44866320235,18539.073526395765,20464.752702826634,2037.8632088496909
26,027,172805.72534159376,138619.99657759938,4276.895087827758,16181.72018452813,120170.47143798624,98467.83542643602,2867.2111680389094,10178.469966247532,23301.574698212928,4048.310555287166,68992.0448672112,18042.563109608487,5194.64560115866,69996.06935779552,17503.62624818882,73422.52811202043,25459.72312067426,23817.005475181748,23821.724914459835,23887.796314425694,25931.810560647245,24854.614494993548,48228.695921632614,24932.475063977236,23187.4120211467,24781.463591257914,3090.0088044984213,1342.1979597780535,6323.901205700677,2604.598416847122,65506.48530867738,66611.50707243381,64011.209833000335,66515.04811263217,65021.95514126672,65472.77730397666,126749.55077670168,63845.19014305485,67676.07850300177,66111.20631671695
27,028,172359.11687168968,128780.06550384527,28376.119872438412,9561.986912899341,126140.18117160557,96736.1577028931,19945.07370627266,6217.987299709958,21215.137715081095,2717.2475498645395,57350.676675941446,18222.652773921476,3594.1582111373264,55968.9345981975,15290.99896082188,59595.67735718845,21518.48905688689,20125.05843228252,20280.303070780803,20383.93070933683,21411.051755766723,20621.541376231224,41001.208589073096,21066.616788097264,19995.68578472822,0.149499286441375,1971.8229841109587,830.0340883838945,4116.141037942759,1670.0768276870222,54372.90786672192,55413.0109850856,53737.600802692774,55320.58325060436,54946.04323361684,53923.757987035424,106515.77671530764,53526.6665895016,55911.354917900026,62873.52489895031
28,029,173909.4290070522,113635.06807431331,45085.598353491056,7316.960491799145,131009.88974051087,89030.32147159475,32308.717231006718,4794.965654916205,27185.53060437991,1985.3211357648033,46836.81201758013,22767.77305387836,2612.445043839347,46219.164593613554,17384.06438543323,51016.30066158459,27164.127271025296,24905.11123631523,25120.437816821002,25272.152180689292,26444.282882827298,24838.852539745854,50575.16945248266,26191.317595965877,24952.30575563026,26291.444164917484,1485.0473100926704,574.4596610663039,2889.738012619694,1202.8021215456415,42674.732591159736,44515.114691560055,43194.66172373946,44457.179599342526,44135.61960688269,42883.79132453521,86093.66326896606,42707.87705051824,44985.24893526638,43347.409065808504
29,030,172531.23555438814,123794.96226494065,33138.6715548154,10302.033835528466,125664.20324461187,93513.78009598561,23008.804230770053,6291.0432197218015,21633.784064428033,2199.213587488812,48212.98039499759,19007.206160415346,3235.7839550497447,46808.166294140836,15905.540331132204,50315.050735213954,22236.665720559227,21066.20824261204,20999.79910912907,21306.16762011104,22145.23761358192,21410.690203294864,42804.22928462622,21844.867509448137,21146.341569878776,3.373159583492045,1868.2402562723626,742.3508841568664,3759.656816687242,1526.7272326500513,44964.208938052754,45878.00542956439,44550.04031377123,45822.78389283742,45435.45675569944,44500.33424030973,87865.65460537667,44163.21899317488,46075.76731804971,53780.84970860533
30,031,174298.0222819695,135386.02452531763,23192.99855056487,10761.999001669948,124828.01709270853,100359.01702426051,15587.000548258935,6219.999628722496,17415.215935571978,2011.7864125111882,53216.01960500241,15381.793839584663,3321.2160449502558,50484.83370585917,14193.459668867801,52525.94926478605,18767.946822273236,17745.462980635766,17685.313830253806,17972.338939140216,18379.57479378057,17848.81336945037,35953.746394998576,18318.929232306673,17825.38853192044,0.031146549983415,1773.3180744432602,591.2790801289982,3614.9301088985976,1398.9279029667175,48159.308846611275,48909.78283407154,47592.09251961294,48839.0683397112,49171.24860277987,47771.64979348931,94215.08326676144,47502.53373129537,49148.335738213216,54361.61872914456
31,032,174270.3167977822,133265.11674604955,14464.786148968973,9810.986861680967,130852.77716820467,102430.11242792917,10557.470514998397,6538.897858989438,40154.661327803966,5044.997730773571,53980.22897002992,30448.76139129313,5148.076580406915,62278.11732727183,24467.774185345726,66540.7952872295,40425.56108642321,37868.35276005336,38180.09305620691,38220.58822505125,41898.32556710499,40453.06745347628,77257.3385864397,40160.69890803175,37273.17872997406,39695.05628669856,3342.9463713663913,1500.4755953572328,6637.9863528336355,2874.853040454126,52077.026076228954,53864.699351862546,50618.156010939456,53427.553354267264,50334.60517400784,51443.01351754315,100035.60654430822,49856.816501052985,54762.79191136498,52372.274298254684
32,033,174119.88732912706,69583.90733946335,61620.118836687274,33571.139184983775,128722.3977630612,59012.13735159313,42663.5903022063,20775.139298585917,43196.83544838808,2488.2360949125996,25074.317559891333,37484.9347287871,3358.749940719007,27396.514708962226,28319.54314618856,32099.843081428484,43963.590033495544,42568.66574651013,42469.262776635085,43030.536584177775,44867.7963844625,43027.66502703406,85475.33290084188,43310.38622244562,42693.117174637984,51881.10738452078,2130.9687443713483,730.7720269223236,3969.543156355347,1940.1050234654736,22834.4764870437,23754.384128755548,22113.799710990792,23440.095002503775,22247.869238840845,22452.889265285474,43825.95516552406,21868.861985541764,23967.196151978427,1265.7572205975862
33,034,173067.73049990175,30414.919262126565,106651.28367878741,24642.05748711215,123519.39740666657,26225.398236736455,74318.49330696913,15146.093395914178,49617.00000000001,1201.9999999999998,11888.999999999996,43770.0,1828.9999999999998,13427.999999999996,32717.0,18816.999999999993,49752.34248932247,48997.28953484394,49002.320518025765,49449.264234248774,51072.346591293375,48285.33716976014,98441.59688032766,49472.33852687268,49433.28772234668,49885.51962628373,1320.0516253612038,323.01801434710103,2357.1265991451132,1179.0561591435073,10644.390604553833,11114.435506811364,10170.37833537534,10894.457133765805,10170.412682649725,10302.399293151979,20231.763282064094,10021.383482015224,11106.463780402823,10319.897375115843
34,035,173726.94456792402,47879.25069729478,105952.21098055932,13773.976958377654,122648.83995230962,39008.28066799659,71697.1199517454,8212.967803949621,58751.08666506685,1639.2239201018037,17001.440700404586,53450.027110250005,2158.2444674848207,18412.49933201659,39672.33071347793,25860.351493870927,61001.073114411,60000.86009903261,60099.84401066947,60503.73941750003,62326.72833437418,59459.08801328434,120595.31346111304,60522.93145172467,60435.73011977758,65266.408460018094,1591.2328864907174,375.2967236853509,2820.7429321468726,1450.8645187090322,14807.47033767318,15516.073038550909,14265.395693551509,15279.398051176933,14251.137937063437,14289.153358345773,28370.59346102801,14107.41699892481,15462.377478268392,100.1526306018901
35,036,172082.23158607687,50672.400579756126,101940.88647677095,12231.995410986447,137630.41853469625,45548.53853574843,77339.91501362725,8799.99536702041,66792.45192183423,2546.6985171365095,6838.561229500535,57176.516590398955,3553.274881665696,12183.175814593531,41324.993428265356,20351.37440832848,64856.56701958824,62440.63151496388,62881.64075627436,63635.608644228494,68009.53009241974,64230.58502749592,126556.24641935533,64340.597584875504,62962.62506819946,67324.51622901515,2613.9271141652193,617.9869427114629,4554.878111433862,2441.9374184727494,8126.748871212233,9927.695759815959,7184.759691803013,8677.728438806767,6167.775297590206,7255.763929788321,14092.539862127891,6537.773128056898,9597.6982305324,0.000456690850113
36,037,172774.7569419582,118842.68919450059,29888.162826635773,13252.380331259383,126006.37327517325,90348.61377412191,20241.100366866627,8425.276558605527,32922.0139194302,3933.662269893236,51708.907747674,27541.82161210702,4623.359449655452,54454.21911088286,23168.581066599338,58264.48154619215,34516.40061461019,32805.81761750963,32700.97216063735,33068.72185183178,35141.584825884,34211.21362374429,65872.89215446348,33669.84143218634,32668.21714907985,33597.21884849734,2826.3135383737585,1135.395309105571,5634.713300380526,2529.9237281536534,47569.91874948352,48729.42627158894,46363.61232979187,48485.89984719691,46865.25362647329,47118.58578613426,92011.91002910196,46177.763237151434,49162.36747453862,48161.72882054794
37,038,174523.67175799076,40804.11824102853,109370.44582964746,17409.672528257393,129180.40885060396,33630.366125138826,79824.66211233039,10834.159569038631,63083.92339536061,2419.02931166169,12985.762424052344,54447.5635186581,2888.5824636937914,18036.10135580574,40036.442480043304,25090.171502561658,62451.9871891174,60735.29113038946,61170.48930204785,61524.49067718791,65093.85135616112,61348.276991691724,122626.74269535602,62074.44675504578,61435.200302607,62495.05437337006,2154.555440607238,645.9783341685358,3944.26882649051,2087.288068780006,13559.534579057094,14746.065375875767,12591.603951557372,14126.315553461307,11930.158892877964,12892.779058154149,25200.518055608245,12171.50715017651,14432.429091411677,12942.948127170628
38,039,173832.41163531973,43985.017295582446,109667.1724784571,9657.72021468408,139485.97711861582,40417.006293645856,82768.77095431187,6967.254272174245,65413.32369801785,2236.8300128971473,9203.321394153438,55766.80352542957,2725.3224397121576,14949.390255192382,40609.67689743483,22892.59674061215,64112.900151649905,62243.16817699069,62824.57475551518,63165.701775043555,67064.5363995168,63105.918862227285,125989.16936154931,63892.67780448648,62901.7642774194,67318.1909351322,2004.5622698358495,529.0428507642108,3748.9101229251037,2031.4673784819256,10599.388781376801,11978.550771310582,9695.14514661604,11090.518617746817,8759.385382444454,9785.356135109514,19328.333631430836,9090.362377457688,11581.482313376591,0.647184034036223
39,040,173504.33240325874,91984.6196919968,25782.66628864355,36809.83385505991,133915.21941433888,74271.90054167232,19853.802641962022,25355.455876867876,41739.51080015541,3733.5189996992585,31672.113903500358,32498.158305848294,3707.7093632447313,39281.24138729884,24234.40741974207,44716.52532560684,42136.426090980814,39858.72348846496,40441.18899189374,40396.94908242272,44236.88489432794,42191.16921284031,81816.91115963155,42294.76618528229,39776.1031895263,41795.844106490076,2715.6137474820716,1195.430069791327,5414.651012644045,2500.3446834145325,32322.399261064384,33839.987710791815,30815.219075035744,33143.637766366955,30276.460781468373,31264.22366769411,60502.02706348221,29925.28776509985,34160.38993316845,32565.08179553046
40,041,173494.67029810773,40406.04318594686,88558.02336678129,23298.587166306625,127606.88818666384,34741.579299882396,63170.45188348393,14860.842594506734,48094.5952566353,1890.4554113383228,12563.049577663203,41913.31773151272,2600.2531019809135,14919.794842905503,30999.286726585564,20483.01712295088,47755.45674891365,46392.144913056574,46465.80487449344,47005.788535585976,49106.43413631272,46418.64952252168,93616.49749630805,47285.058811359326,46733.372176151395,51679.894901480555,1838.5576004360955,542.3376273587328,3433.706019557153,1702.7685239115551,11919.917812544314,12937.400014365554,11325.620276585476,12435.612395699054,11363.979028789507,11572.717618283215,22332.39734372531,11119.80727571984,12949.281751277387,204.52598542535418
41,042,172405.06607347386,90652.11680787614,42055.220947546375,24218.649630735057,138729.2362361101,76717.82916252225,32941.839687066145,16914.198629233717,64672.116991254705,3520.0774892697027,15025.839334567183,55109.29928028364,3981.8847639642377,22258.311534389388,35425.01914261653,33117.95681449633,65508.31727641094,62204.54572307587,63293.41735998697,63612.55443992217,68357.32085485182,65815.34361103037,127619.355916268,65437.03197608365,62212.23963727786,71819.1743937914,2915.092293815075,1040.6183786935196,5468.541473106073,2769.4206960977126,16796.707786843403,19332.274456881612,15654.745139456854,17769.647544512372,14507.298251042737,15756.391625714066,30512.83541138681,14540.240004974672,19429.18900185142,110.15399363138705
42,043,172107.3993679121,50653.46378398219,103711.3240217566,12251.250577000228,123175.58942145828,41277.53027058232,71004.73683713745,7461.171307602356,52514.00000000001,1402.0000000000005,18957.00000000001,47858.0,1952.0000000000005,19798.00000000001,33799.0,26069.000000000015,55265.3956780822,54213.10913797473,54451.82371847715,54719.010852511274,56490.842274156596,53612.57070848491,109355.23792033437,54960.36486327061,54747.58820714333,60757.76719124571,1388.8477213040221,364.1673633747076,2510.002590613303,1264.763992208341,16898.271735566374,17673.365500641783,16443.167412860883,17373.1956361755,16662.78220741773,16534.73529578411,32667.373545934282,16283.295169454714,17598.539853070957,29.38166619282463
43,044,174480.64320112907,27938.205721613347,121647.4183678156,14560.133026375614,127857.83239934855,24592.3902409985,87120.98471007751,9050.264806195282,62844.00000000001,1456.0000000000002,9248.000000000004,55886.0,2128.0,11440.000000000004,41564.00000000001,18554.000000000004,64686.16955767601,63630.47167707296,63651.68103494109,64269.89055493592,66507.11815284188,62899.59919802098,127880.08047066088,64113.17970516975,64155.77423892304,67847.64154598274,1657.074593523622,330.7811738819866,2939.329116477702,1573.069517185511,8718.044733232507,9460.716977659891,8273.66200201096,9074.581374536501,8097.051177749969,8308.99407218578,16327.404694583463,8095.830043688879,9360.788972403854,0.594607023094629
44,045,173578.19069849153,106527.72569138701,23514.06718564564,22228.337945719784,120540.39712133676,77289.24318116806,15489.62513059754,13762.275255093055,30061.976106714625,3520.0256581786343,47460.387917443615,24884.71211961162,4073.763510659236,48909.13500008915,20808.23618372386,53115.82154986922,32316.448471280957,30950.86380040667,31018.701865389772,31334.152452238286,33125.568889146925,31914.19906638819,62502.20348247211,32010.699836337073,30848.59919824485,32024.604188583682,2637.239370222591,1056.8355246464344,5184.381357744277,2198.136705613851,44344.82332646411,45388.711085804745,43056.16834986567,45074.15968924435,43616.35087102175,43576.518088828416,85391.72502587362,42869.230692596524,45830.23970513573,44516.056287666375
45,046,174233.1535174075,127239.194165319,29970.698254398918,8607.132655255165,135914.30819283568,102353.09163785707,21671.527809096413,5673.59863849128,31156.0,3129.0,47393.99999999999,26331.0,3676.0,49153.0,18859.0,53518.0,31632.60168814209,29460.17069383634,30265.34877877824,30376.494930461035,32414.00239202462,31122.280428231108,61043.79640130043,32395.782145351386,30367.54403296992,31251.579991528946,2392.425125233729,799.1827178177283,4539.868705573761,1900.349952197402,47093.3700229036,48955.70510286566,45975.21343017791,47975.49237178335,47061.173529081185,46517.251060515235,91536.31305145654,44954.98178655224,48311.54230808579,47612.411397768556
46,047,174410.8793471995,124703.08680909868,25485.314038480603,16453.668849430396,129259.49838300192,96616.88619523571,17931.476865004006,9910.263024685595,22713.0,2637.0,47001.00000000001,19831.0,3543.0,46140.00000000001,15881.0,49370.00000000001,23477.82230708603,21768.194946467807,22210.43918361291,22579.352706402784,23451.25165742022,22649.246258170228,44942.74764216205,23840.513266978145,22381.43183787025,22826.524848324007,2167.7407867406005,790.9887112686971,4492.026920382263,1695.8824914740899,45601.1701337535,47132.444363646246,44785.160668726945,46344.758690791656,46201.667197355244,45029.964585415924,88681.85544893681,44076.15964019209,46794.738189956435,46330.365108240665
47,048,171323.2050461761,79183.24417062718,25095.595907677045,21922.916568365392,122844.60138962677,60145.197441431956,17064.18419726192,14075.095963028574,35003.177725018926,2845.6703287828823,31004.04251473339,28180.985180608674,3312.584327595808,34708.57428604821,21374.730524229984,39867.029611863414,36030.20030964395,34652.91092725702,34781.88037388724,34870.8846043008,37227.11309123909,35655.10275869687,69661.98468228507,35535.52851078619,34312.29094603025,35377.76566979959,2222.404933283044,959.3192609485781,4352.075360023242,1900.8289517826381,29726.102743539093,30702.828118443987,28650.083293554046,30443.789167759565,28572.25801956835,28997.820488979225,56921.15957312363,28677.71829605997,31335.177235648425,30031.799890812967
48,049,173820.40601740096,111343.17423379912,12375.875168537119,44501.36362293767,125569.66043074171,87303.09594729506,8864.927946346745,25909.633067635063,15700.52786647138,2267.5993026238484,50692.83274402234,13171.915498249933,3489.487804081542,49149.76392915359,11643.048775509635,52819.92507696677,16733.956961345273,15273.825596689507,15443.35541661748,15653.949335456324,16696.376492296753,15938.713732164582,31485.425680265453,16381.543143704981,15401.53201287627,0.119342558052851,1882.3751428558278,771.1245293194958,4027.8694033624092,1497.9594483516485,47984.73838402531,49140.747665362986,47469.553953269104,48908.03869821836,48480.74034379882,47699.02466974606,93765.21409726315,47147.55094388783,49284.75347169108,55671.53191995319
49,050,171792.43559634278,144278.58835986862,9063.120262471091,13623.674867522983,131116.1334023818,113426.64260974068,6860.071508649244,7941.39083855713,11374.472133528612,1832.4006973761507,56808.16725597764,10083.084501750061,2885.5121959184567,53564.23607084639,9071.951224490358,55957.07492303321,11432.2105240634,10172.456053095331,10535.50068390432,10719.841913025642,10890.02988872606,10834.378319545562,21701.281420025916,11408.749227529817,10479.158513607355,383.14370105157604,1487.403628934528,592.6628378813419,3202.0711504858236,1131.755334543103,54036.861509185146,55296.18798553734,53581.20499757477,54640.81777815204,55375.449037630446,53637.8872881545,105962.01801413015,53220.48197478271,55124.03936715878,58589.57836125284
50,051,173592.09119250003,161323.49848762978,1364.999508366682,7453.5624457158765,136857.5110569007,128843.74207615759,1063.006155914772,4569.741668195618,12758.425301787081,2198.6894447128343,67261.9551327888,11467.436890391513,3990.35439884134,62912.930642204476,11683.373751811183,63892.47188797956,13511.093297519536,12014.046539313533,12198.530948288311,12393.32084206872,12524.023185884462,12719.217895829672,25173.3601253007,13160.015638234809,11951.067842539163,122.94415557247393,2008.1793007614765,845.3079246232736,4205.341184426557,1509.3777412636844,64559.08931615044,65828.43442355866,63997.56156465285,65437.86889163461,66280.71301889178,64284.25066999121,126553.3909072697,63825.95755398409,66117.65787848303,69673.62492861497
51,052,172506.82961942544,130156.45234980935,19357.780205303174,18235.241514265836,128261.16622472391,100869.67152224193,13790.390906352426,10850.063288661688,14808.09566030352,1866.1524853029252,46531.04750963318,12755.296252017575,2669.85037014699,44540.21617145116,10871.333335435786,46922.75150857916,14445.44882177207,13378.019571969453,13489.932828268253,13604.631457789332,14138.613787344948,13901.279633596228,27395.428575114787,14283.16725988154,13336.97223264407,13590.594859212628,1514.2354724361269,611.9538005424888,2919.1473837115623,1153.1931251655303,41899.046733267205,42823.76255949231,41412.04689621519,42659.59874956004,42810.13777913936,41778.7717801187,82341.82379420902,41189.749182091036,43063.69617264603,42946.179415178085
52,053,173150.9305742953,157892.9642478132,7031.999992942441,3904.9663441363095,132043.93057059916,121628.96423569384,5512.999994927992,2344.966345656037,11412.0,2055.0,50710.999999999985,10220.0,3001.0,45694.0,9946.0,49124.999999999985,10823.998725822088,10175.99879128719,10446.99878192021,10615.998752616837,10603.998728434513,10647.998718519688,20807.997574249053,10814.9987458901,10323.998805313775,3.0719252971e-05,1537.9998077838743,655.999918288263,3068.999611426144,1236.9998494886802,45261.995168020134,45865.99512962172,44177.9953079836,45389.99516829803,46138.995143918895,44214.9953024915,88374.99060122798,44265.99530302009,46003.99508564328,49167.9947146341
53,054,173414.85321237642,126303.97887373265,4259.972025233692,38989.988355981215,125377.33262958187,97434.41260775969,3239.981141443023,22394.992032647635,11325.102393052402,1560.0379700638646,42921.745544214784,10026.102393052402,2448.513226462336,38892.50044812282,9377.151880255458,40902.01367458515,10501.630625722433,9834.859074323998,9777.90197753427,10045.855531846755,10273.213783324913,9941.720230126364,19846.62249713247,10417.541767989373,9854.812173788005,10137.845539949734,1230.4118990674872,444.63962478613945,2345.5538263734315,901.4147657845872,38893.73354302152,39487.63990216349,38463.317342095455,39318.82282976007,40020.70219375979,38262.14046084913,76691.00064129767,38463.182713939335,39717.6868349018,39579.735258876666
54,055,174183.55357528862,41669.874337039604,112513.66040363797,11562.405769030112,123195.70432747001,33740.03571758697,76983.76893918694,6950.074501595257,63627.76179188113,1795.8886699680475,16473.22088738813,57206.46896313546,2563.9847815857415,18123.848352668672,41956.30636336358,25649.154562296517,64628.397894400376,63509.73982546566,63545.75241471936,64077.673061561225,66087.816779965,62779.26560153837,127729.14814660868,64177.00389626812,64089.71090447085,64223.16303865856,1703.9710787130607,449.07173404622694,3073.4210494460804,1586.5225146746934,14647.350006799194,15426.60657643804,14122.851662991032,15124.717828783074,14106.595948652335,14241.808567373457,27998.459863692988,13857.175218278444,15274.29201987123,14634.602528770249
55,056,174502.70056453373,110940.456180749,25339.97955336923,22826.065970508247,129866.2170971951,85862.25812953508,18677.989912456505,14917.014562623684,38435.24715576904,4155.956496199176,41277.00916852349,30008.9164345989,4289.918143225201,47559.72636651781,24051.058014718903,52434.557351582036,38598.85731673318,36593.86343441127,36817.134166285476,36909.15951269927,40236.8719570826,38295.80925889645,74063.84387845012,38283.405498472464,36131.05199820975,37801.43131557898,3049.85998700269,1238.8158907322397,5782.261915911592,2592.5367802345395,40931.67566936611,42325.57226936625,39339.71010357309,41835.80499072183,39345.712641345825,40161.373191483195,78267.26054109787,39059.70548941167,43019.82510081972,41740.71658893968
