,DISTRICT,tot,NHwhite,NHblack,hispanic,totVAP,WVAP,BVAP,HVAP,G16PREDCli,G16PRELJoh,G16PRERTru,G16USSDBar,G16USSLBuc,G16USSRIsa,G16PSCLHos,G16PSCREch,G18DATG,G18DCmAg,G18DCmIns,G18DCmLab,G18DGOV,G18DLTG,G18DPbSrv,G18DSOS,G18DSchSpr,G18DStSen,G18LCmIns,G18LGOV,G18LPbSrv,G18LSOS,G18RATG,G18RCmAg,G18RCmIns,G18RCmLab,G18RGOV,G18RLTG,G18RPbSrv,G18RSOS,G18RSchSpr,G18RStSen,G20PRERTRU,G20PREDBID,G20PRELJOR,C20PRERTRU,C20PREDBID,C20PRELJOR,G20USSRPER,G20USSDOSS,G20USSLHAZ,S20USSRLOE,S20USSRCOL,S20USSRGRA,S20USSRJAC,S20USSRTAY,S20USSRJOH,S20USSDWAR,S20USSDJAC,S20USSDLIE,S20USSDJOH,S20USSDJAM,S20USSDSLA,S20USSDWIN,S20USSDTAR,S20USSLSLO,S20USSGFOR,S20USSIBUC,S20USSIBAR,S20USSISTO,S20USSIGRE,G20PSCRSHA,G20PSCDBRY,G20PSCLMEL,G20PSCRMCD,G20PSCDBLA,G20PSCLWIL
0,001,171415.98147524352,114988.53853433892,37054.43804246465,10257.753761348773,127667.37209389838,89854.18522690634,25800.171481056434,6356.592894395848,27739.4193992076,2376.7231721559247,44017.16167948449,22649.660130991797,2660.305845093766,45541.91011318368,16335.141379035162,50012.043361171556,28045.33074125476,26611.45871828096,26508.831003108404,26983.112594999788,28447.39610256238,27427.564521392236,53752.64616081875,30453.129152500092,26858.619536484064,27373.157749671336,1803.3027206769027,743.1076554960833,3632.6544220013134,1518.8082668494371,41167.611946197314,42164.93554607717,40963.79363272162,42033.72161351821,41308.289040963515,40470.69776220599,80817.16947037473,37777.92188866277,42398.42828013746,42239.886160645096,53655.92138400975,40101.38618631278,1413.1223060178759,53649.92137919693,40100.386191125595,1413.1223060178759,53393.21624492581,38663.59486603614,2125.8705453238035,30309.245214959024,18930.413610110056,1117.374023396571,1015.9568275857162,886.9568420241752,831.1654784321597,25995.59865387536,5031.427921865156,2595.557617182335,1708.0178410228839,1426.226559248803,688.4783391941535,365.37412446578367,392.37414371706234,776.7482248674692,289.6870622328919,386.6869996662364,279.26981348102083,243.68703335597394,283.374134091423,53619.964556424035,35660.706109102335,3506.2015406906808,53040.15508710406,35933.2276014595,2979.784368943924
1,002,172049.6001555201,63084.351764984836,91912.3742930451,9857.312382150452,132528.63581666144,54492.91889500068,65898.97013753353,6978.950715792569,45842.5806007924,1978.2768278440753,17037.83832051551,38867.33986900821,2503.694154906234,19818.08988681632,25814.858620964842,26918.95663882844,42887.25556928698,41736.11428663169,41579.745020130475,42395.45982367455,44257.19687334584,41540.003910475185,84227.50605223943,43870.45538021666,42573.965903001605,49395.83236210388,1626.7200853914399,567.8984205114609,3093.3889963396723,1519.215721268463,15580.594786555168,16285.282514503017,15235.404610377096,15951.496476996857,15025.910060916982,15045.50099395291,29614.221037174157,13586.265469273147,16017.779373428724,58.57192795767736,20006.07861599024,54676.613813687225,1118.8776939821241,20003.078620803062,54673.613808874405,1118.8776939821241,19696.783755074186,53228.40513396387,1895.129454676196,11043.75478504097,6567.586389889944,517.6259766034291,582.043172414284,389.04315797582495,373.83452156784034,38459.40134612465,6657.572078134844,2344.442382817665,2486.982158977116,1754.7734407511973,915.5216608058465,404.62587553421633,273.6258562829378,568.2517751325308,321.3129377671082,284.3130003337636,275.73018651897917,211.31296664402606,188.62586590857705,19951.035443575962,50977.293890897665,2975.7984593093197,19521.844912895944,51089.77239854051,2458.2156310560763
2,003,171952.067112449,118711.0699809472,39185.99750080308,8533.999993287574,129192.0442793735,92672.04645503688,27808.998109623168,5462.999995767397,21530.9827738518,1711.5672249089002,44577.08236636825,17821.775714771044,2702.7620845001566,42046.73225385752,13052.970574362302,46247.08596224557,20432.344946781715,19806.48193175044,19767.69545537038,19965.83562608803,20731.628550221943,19734.481943031613,39777.46746017148,20659.77199463155,19703.561722341336,19935.569898248446,1470.2199631524854,545.070086116721,2995.8540483581037,1211.1498831291783,41298.67797634276,41560.461196667624,40448.107515911164,41579.11396541188,41741.028441722,40556.951132603026,80541.43424923441,40172.09780216233,41992.59814383314,42057.585217170126,53852.1276961656,28146.84975481539,1117.423804321651,53853.1276961656,28152.84975481539,1117.423804321651,53287.544327656455,26492.50573258748,2201.704188056053,23597.16814887583,21769.27366792987,2081.7911429805895,1438.704188056053,1467.984571790455,1789.9974866706473,12324.070811324296,5883.007172830792,2693.4238043216506,1703.3537083880506,1472.1466493072971,920.0700959336004,393.0,360.0700959336005,711.3569371080986,276.0,533.3504796680025,392.2135165208495,270.0733246536486,327.14019186720094,52192.333324464955,25196.84652609534,3109.647007002645,51468.76932827611,25340.13588059919,2710.0643538841996
3,006,173740.23358873342,97503.22629707197,38688.227096100985,24756.891544172937,137193.3988482271,81437.76475598311,29845.3225521464,16162.670666991267,45399.42010860547,3946.7302136747576,32640.305066491597,35357.707008708836,3937.8921810243123,41481.95868565793,26524.227801432447,46835.610035957274,45339.530962521145,42743.647849879664,43452.8405231423,43350.63008524644,47759.03012030526,45563.85071313256,87636.90836019862,45466.78117809399,42576.47061085725,46284.98326011251,2663.8485841212078,1081.7950639976507,5191.540161177329,2563.6879169076046,34197.03413573494,36001.51121873836,32895.63927308414,35222.92686962016,31945.847508952174,33118.14253718936,65050.5856447261,31764.1048045328,36281.860092305855,32978.77027312024,37500.925347359684,64248.568200046255,1481.3281737845864,37570.83341392329,64234.777125489556,1481.2896282118836,40909.41469103229,59422.857955812506,2239.818426679832,24087.31304898492,13556.860869629932,574.190691043709,760.6286891841355,436.30825820985945,372.5685780764739,41298.87511528515,7306.932027325571,4145.758296892896,2261.51695000965,2346.6437890112757,1164.2098998985346,548.4767224034964,503.60977243315955,792.3826189324878,362.2910964983751,440.911882910843,255.9705464226985,309.09301570742764,250.84293635901037,41438.21135820632,55252.16212822771,4263.07593204747,41152.051900069026,55850.84835924721,3409.4311645102857
4,009,173882.85794402775,103869.06340525154,33783.28942898167,18209.000578059637,125263.66280035448,79745.39382518006,22104.849508230884,11605.173882276878,37027.34948878819,3346.872002553142,45394.654503381505,31230.515497632736,4102.005740973832,47124.63514510639,24661.45934774815,52091.61101726326,40175.50440330014,38645.02031627187,38748.19402286609,39048.12668772891,40959.53708802149,39291.816465828706,78055.63415409318,39714.18409911437,38561.685766439325,39278.36183870514,2662.1584267823837,1037.515127232286,5012.625862342486,2244.7163174882794,41285.4137559441,42445.24363119711,40045.466523801755,42200.23538816267,40714.81902396382,40506.247475214,79705.28334389141,39908.96818330251,42977.89183833453,42056.351662583846,47336.82807528711,57333.62758373187,1446.7058981908779,47311.2145517594,57379.22204781363,1446.7068154429865,47518.12335193156,55357.296832173146,2728.434515089976,25988.43674211089,16457.56797086592,1363.8949959841452,1059.1537814558887,628.2908121985067,917.7827234502548,35193.28016047967,8075.719004003588,3694.2313991964024,3535.717978823253,2102.3269270614364,1068.0001792142505,669.6550736588975,428.76825462796864,840.7241347930252,384.05666158837624,364.2835856370005,340.07379816713603,287.24759915095285,279.6485885676682,47387.04797100453,52379.14904920162,4263.053003207324,47028.1649134415,52872.13368076122,3621.216586290937
5,014,173199.66534623617,132662.53125465175,15088.55125698076,18980.957721444287,126597.92371428774,100614.3832779767,10387.260114474218,11709.963396059033,18941.667924013163,3206.969726548913,53063.004749581036,16196.301257797215,4331.573513471751,51710.90184960815,16033.799256294707,53825.93056857956,20842.962737884172,19536.170957193208,19254.941385052312,19750.99668804336,20671.669566039996,20444.642706034505,39378.41090697153,20241.97970278003,19341.541722481867,20443.80008984487,2564.477223259725,1013.6309881894414,5112.8112442987485,2016.2118070102126,49490.001223652165,50559.810826668705,48649.060026069696,50333.77339687364,49908.87569695712,49419.07055347691,96053.91882376302,48375.473468096614,50871.63235624825,49926.727363598686,65928.87170305576,30108.123367316093,1648.813666281499,65924.79884780684,30107.982321291543,1648.816071260535,65083.034243223934,28732.232711796467,2921.947781644267,37339.1189903732,22769.1281469224,1314.5465050412574,1167.3597048998754,985.37603532991,815.5537457897719,19078.81249720821,3901.646474335182,2420.8355550549395,1217.5621940867948,1048.6897054722615,616.5497131468472,352.1371505532543,230.11901185333423,1140.6457181668109,344.87953492915705,404.0959405783636,283.3244180381809,241.86922971558596,293.59231337458647,64554.8501589788,26415.047277277365,4462.5609151132185,63934.80217229133,26869.337034454147,3929.9400850257302
6,015,173281.26809139235,61299.66205777108,94959.3871401429,10633.039530895987,128462.8828011116,49110.46642750997,68493.27689489073,6935.034356623988,36142.46939562009,1021.6788642351967,15913.187982419866,30431.226946121642,1452.5549561606538,16881.83540638645,22083.935614566773,20824.699338415412,33009.73472995337,32175.75196688237,32294.426533758095,32527.70944141033,34017.57318683298,30956.012294261865,65099.55407209815,33018.54079732422,32557.555153137226,39356.40552322139,890.9489576884582,275.53794054941153,1681.253518042856,780.1940766958543,14682.149179599584,15183.766578240231,14378.220592011161,15162.702576186362,14752.262632743681,14334.092851220628,28663.10678610083,14047.010934472368,15230.632400317523,819.4812728239897,18531.846644280722,41254.09534393673,585.9320583011709,18526.23580607957,41160.60649941386,581.7768643776642,18554.570041523482,39664.04173197981,1259.0516975606506,8899.38957747979,7905.664997839664,411.0785072639976,357.3370020508185,306.02243817712633,323.63907415963627,27635.00141483388,5588.778968066716,1654.8351023065622,1683.720108738488,1647.7228929445262,676.6158010458703,510.11358559033255,567.951504064433,282.44152039668563,136.4799968510398,216.39251325029494,199.9310711912917,159.66037728118553,140.9911523281629,18060.376214845302,38487.717722442816,1867.7143251074456,17750.11000932289,38650.30405968625,1426.3439494767026
7,018,172981.31056434326,113281.43818531015,48041.89860827644,6125.969610379921,132566.48944720248,89586.55388741949,35484.939057451265,3905.9903367756697,26862.536863379624,1719.8819792924246,46018.15645814997,22937.107910563227,2218.1897625398815,45801.53417948147,16130.148860732956,49707.710115537164,27223.545427830726,25674.73992227207,25916.537288024032,26131.260510009728,27259.809283387738,26071.21722912939,52924.876298667135,27756.7537310309,25888.533105863953,212.35305942206816,1364.457307020455,522.4108295862571,2681.9674277776967,1087.9524161043166,44531.29181219083,45807.54877739425,44569.97678542367,45485.9342374882,45471.05238172845,43939.202020985955,87843.72712345784,43307.91393300813,45891.177128883704,55766.87280487262,54048.57002916341,34320.40267817233,919.1056497896882,54032.402250490886,34324.90661292233,922.1056497896882,53657.464631085066,33073.89216934014,1711.4009967186767,28874.82102805813,21370.51759975391,902.711145579216,635.730744571771,610.9325289767153,716.2315809156615,24307.006639494524,3800.672643597533,1571.5663672323772,1166.7753912994374,1366.48208242162,505.51527290922616,459.5229035344438,266.81284620677553,510.2921877750831,177.60766325475245,262.81165788106574,222.48307578244706,145.1714104507578,182.51252518007294,53309.42831405001,31258.110717127336,2561.713111332122,52611.42324026348,31512.794446771266,2166.343951498708
8,020,173861.39650655695,109797.79845295617,49812.25230492033,7596.261698319399,128980.13412709943,84986.84451730456,35104.1215189056,4759.175183243495,24740.86927993067,1883.5676488561696,47496.14632404391,20771.736888695625,2255.4541328377218,47329.38339199693,14932.26896045845,50958.86853446163,25673.178940297872,24371.979145421723,24643.064929807606,24783.662172955963,25853.15527810527,24769.16689042399,49949.300431299314,26548.759278246172,24671.874281211818,273.58955776031326,1416.060465473613,598.2039164821384,2854.8160520073566,1174.6177907106367,46440.06322067127,47625.78217554653,46120.802637751265,47275.750056411336,47201.90279371486,45677.671083412715,91458.17382367628,44784.19742352304,47612.75950145808,57291.21832418891,55909.88659671769,33944.77450959856,1101.5080614889796,55925.79050852438,33964.21171061927,1102.5080614889796,55707.70022169252,32476.19150904756,1933.5296114098837,28645.641110970886,23119.395349890176,1023.1539075401879,798.0984232102026,782.1191256098394,647.816208838848,22992.8238314997,4585.3823803081505,1541.863854398951,1204.0339043039849,1428.249819042325,506.39886394014576,423.4692650593516,286.68246780372306,568.2043662313001,199.74307113414687,249.81486906559866,235.31279449120296,156.08750240511725,187.5573832904723,55226.6094306131,31043.0128821089,2651.1923695580494,54672.5846312832,31442.49116879126,2193.737934803196
9,021,174507.9871118114,139023.45884550863,10912.413907295751,11741.833832460126,125212.94269744902,101927.40958702007,7503.035147005471,7457.033089603686,24816.85494225463,4133.557372186386,62475.62874517492,19470.61022237106,4896.899803598436,64410.16968967127,18304.35830945577,67282.81583144162,26304.870117960414,24667.316074403152,24684.194621583807,24772.044645728085,26983.423161866373,26026.581987406364,49832.33307181217,25913.69954611398,24122.24870806163,25642.75224097689,3062.0563126492016,1305.9175775936112,6171.356680102176,2561.7990484946276,60496.41542680574,61576.24407114774,58960.891586852595,61418.194670668185,59838.38305002282,59913.30940356903,116842.31367570833,58785.51698399547,62465.11639788906,61000.655086313374,75967.9235754125,40465.928636871395,1797.1802431764297,75908.56100600817,40240.58473002362,1791.1768852307175,76878.15812711469,37417.72000457181,3039.0973865477326,44402.63128720625,26801.677853976602,1257.3916592281528,1342.2733463338088,919.9561996072285,851.2256375295844,25553.22962501013,4776.457968948597,3360.3696143825136,1303.1594493765583,979.1837914553655,727.0610890377712,460.3040679786157,342.7287089221631,1223.1124595839588,397.61277174293593,507.86359131833797,343.74457847278836,298.658644005736,314.04617786593127,76447.25834910487,33762.16535323249,5061.454818314529,75718.04691639669,34178.11602343727,4625.591905891785
10,022,171675.77869556716,57287.23238262208,99910.282501258,7217.461839898117,129064.15611973312,48127.19103107136,71000.98598968064,4982.472108270999,43958.35093643323,1479.0746373720017,17185.141951791626,38009.097169368426,1786.1194197952027,18729.179270477624,25151.776228668816,25476.40318259363,41508.61437971176,40567.2166036,40407.19349421876,41045.271412081776,42578.66025624138,39977.598361906224,81238.36835326371,42804.20537081026,40997.98702381352,48497.303930019654,1209.2527517538686,444.0970572245273,2464.5480926864884,1009.3549123390086,15652.987129884259,16264.188592714192,15535.061943548179,16133.107501783295,15404.011036731617,15361.73213028746,30611.73054522168,14033.075505923049,16323.405845459969,21.58519500063763,18944.134488054435,52699.753978242064,907.0597098976019,18943.134488054435,52695.753978242064,906.0597098976019,19287.134488054435,50566.686804607256,1800.0746373720026,10859.65680887362,6389.410505546013,429.01492747440074,461.022391211601,294.0000000000003,316.0223912116008,30466.977749573234,6745.238839590409,1782.074637372003,2128.067173634803,2418.1194197952036,915.0000000000006,687.0149274744006,6057.074637372002,409.0373186860011,222.0223912116007,254.02985494880085,232.03731868600102,207.00000000000009,213.02985494880087,18998.164343003235,49289.51513865166,2523.171665955606,18633.194197952034,49359.530066126055,2068.1194197952036
11,026,171348.7475143813,60087.38997861872,102690.69349527234,5002.746880517137,126586.94528549715,48667.292610059594,72456.8226614926,3297.8263608437587,41296.577701670765,1056.5423165540244,20507.893601211927,35418.26626907342,1427.2337174112238,21514.616971528743,22657.08617684116,26336.23929731878,39202.85621989572,38097.34978644754,38434.73348180949,38697.16348481993,40478.849481647834,37656.76513894993,77810.77178961903,40184.62677955264,38691.125076399156,44532.90353176509,969.2213541965408,303.7037049331772,1812.7878942172083,863.0677304390437,19879.090306546208,20623.823460541833,19712.089278759646,20281.988604686372,20050.876564619197,19228.615553141226,38547.448663202355,18539.073526395765,20464.752702826638,2037.8632088496922,24026.16167444912,46144.28491679207,619.2252568140158,23998.425541314962,46128.343781021365,618.2252568140158,23851.71753691902,44382.30757509766,1504.8439472011964,12588.186780316099,9246.000073875473,456.64541284396694,415.27067051975615,312.0481837151749,357.3483442950699,32466.33213347161,5692.793601659021,1476.1977954031745,1684.604551215559,2055.585326210646,652.1534950708949,750.7147548156953,342.7188562050228,265.71761620913816,154.97776774041353,214.14480922575262,213.08979781255857,112.18392118722915,156.70142770187195,23237.10873439987,43548.522086143494,1823.7901680645969,22790.31735219303,43503.13140598962,1511.7280945666569
12,027,172805.72534159376,138619.99657759938,4276.895087827758,16181.72018452813,120170.47143798624,98467.83542643602,2867.2111680389094,10178.469966247532,23301.57469821292,4048.310555287166,68992.0448672112,18042.563109608487,5194.64560115866,69996.06935779552,17503.62624818882,73422.52811202043,25459.723120674258,23817.005475181748,23821.724914459835,23887.796314425694,25931.810560647245,24854.614494993544,48228.695921632614,24932.475063977236,23187.4120211467,24781.463591257914,3090.0088044984213,1342.1979597780535,6323.901205700677,2604.598416847122,65506.48530867738,66611.50707243381,64011.20983300033,66515.04811263217,65021.95514126672,65472.77730397666,126749.55077670167,63845.19014305485,67676.07850300177,66111.20631671695,84038.99920561112,41908.65435572654,1955.2441437979637,84039.99921021848,41913.65433274582,1955.244144604841,84582.329508651,38952.06482314515,3340.5689167088303,43907.470387777175,34524.00286863777,1681.2290939308668,1523.2140547255372,964.1258450354569,1053.1183328400884,23722.799742376956,6216.826446693502,4301.267048737059,1599.8464022553173,1100.8313844095449,757.647394511085,531.9194227195923,367.46347367664254,1298.133369439535,486.46346893866286,499.28712616165535,357.0075472438796,300.27958767754393,423.73550563344116,84525.39513295269,35327.18063165693,5212.062604249325,83912.57147065904,35715.268816173804,4826.055028422731
13,028,172359.11687168968,128780.06550384527,28376.119872438412,9561.986912899341,126140.18117160557,96736.1577028931,19945.07370627266,6217.987299709958,21215.137715081095,2717.2475498645395,57350.676675941446,18222.652773921476,3594.1582111373264,55968.9345981975,15290.998960821882,59595.67735718845,21518.48905688689,20125.058432282523,20280.303070780803,20383.93070933683,21411.051755766723,20621.541376231224,41001.208589073096,21066.616788097264,19995.68578472822,0.149499286441375,1971.8229841109587,830.0340883838945,4116.141037942759,1670.0768276870222,54372.90786672192,55413.0109850856,53737.60080269278,55320.58325060436,54946.04323361684,53923.75798703544,106515.77671530764,53526.6665895016,55911.354917900026,62873.52489895031,69989.92658815761,30098.04525866156,1354.7207215096682,69993.2367077003,30098.083603259973,1354.7207215096682,69573.48098927975,28588.18161279577,2412.5388423453855,38945.14591549254,25711.515993381152,1265.9439242148367,1066.8639448442561,903.0519610395527,835.609521056208,20645.42511789513,3463.355175816681,1900.7776917873246,1089.7588530214055,902.6295520833303,509.4088766129703,369.8102508534094,194.20481587840678,853.9461921802329,266.9931317197387,300.0365231472789,240.96828729566752,190.7248000156305,205.50666133560824,69075.4287344469,26553.383934682544,3632.703352249473,68353.43544322265,26896.8705692962,3110.8659121327855
14,029,173909.4290070522,113635.06807431331,45085.598353491056,7316.960491799145,131009.88974051087,89030.32147159475,32308.717231006718,4794.965654916205,27185.530604379906,1985.321135764803,46836.81201758013,22767.773053878358,2612.445043839347,46219.164593613554,17384.06438543323,51016.30066158458,27164.127271025274,24905.111236315217,25120.43781682099,25272.152180689274,26444.282882827276,24838.85253974584,50575.16945248262,26191.317595965855,24952.305755630245,26291.44416491747,1485.0473100926695,574.4596610663035,2889.738012619692,1202.8021215456406,42674.73259115971,44515.114691560026,43194.66172373943,44457.17959934249,44135.61960688266,42883.79132453518,86093.66326896599,42707.87705051821,44985.248935266354,43347.409065808475,53754.63051865292,35530.53124245352,1038.1229478742223,53820.241244408826,35542.02019942165,1038.278141797729,53743.79881754494,33947.43325656139,1834.982345165181,27022.969879633627,22998.908727386963,987.7586241115307,790.9040386920851,658.7794511902363,631.405800805408,23383.366720958253,4643.311502093878,1981.2816590396665,1517.758973747386,1276.1636878710597,591.7169820304706,462.294769628462,311.4869726395313,552.8852777050104,208.93552963352045,328.68352374269284,246.69999069513423,204.8641257240544,196.74435201848334,53322.85911788642,32061.007106981364,2931.407574889071,52783.210394762355,32270.8226698068,2359.4437275034556
15,032,174270.3167977822,133265.11674604955,14464.786148968973,9810.986861680967,130852.77716820467,102430.11242792917,10557.470514998397,6538.897858989438,40154.661327803966,5044.997730773571,53980.22897002992,30448.76139129313,5148.076580406915,62278.11732727183,24467.774185345726,66540.7952872295,40425.56108642321,37868.35276005336,38180.09305620691,38220.58822505125,41898.32556710499,40453.06745347628,77257.3385864397,40160.69890803175,37273.17872997406,39695.05628669856,3342.9463713663913,1500.4755953572328,6637.9863528336355,2874.853040454126,52077.026076228954,53864.699351862546,50618.156010939456,53427.553354267264,50334.60517400784,51443.01351754315,100035.60654430822,49856.816501052985,54762.79191136498,52372.274298254684,56674.5981275774,57033.41602268756,2046.688471715322,56616.353481632854,56972.34208161438,2044.6910447163154,59770.311214691406,52534.50861142807,2758.112178257843,35317.76914384794,20255.865912565165,855.1607485889652,928.468823018522,636.1815489205659,584.1377732078579,38108.22074398358,5698.624841627589,4383.542829462558,1546.775067498349,1240.1081986454187,809.0266996343406,542.7259575082705,406.6107183438377,1189.9486651415823,479.0985074281148,458.62085223812426,307.6000553732345,297.99702887509517,280.3161642503587,60140.614486377075,48072.58948586156,5210.675690547536,59505.68360824179,48701.9749071521,4512.575904267071
16,033,174119.88732912706,69583.90733946335,61620.118836687274,33571.139184983775,128722.3977630612,59012.13735159313,42663.5903022063,20775.139298585917,43196.83544838808,2488.236094912599,25074.317559891333,37484.9347287871,3358.7499407190066,27396.514708962226,28319.543146188556,32099.843081428484,43963.590033495544,42568.66574651012,42469.26277663507,43030.53658417777,44867.7963844625,43027.665027034054,85475.33290084187,43310.38622244562,42693.11717463798,51881.10738452077,2130.9687443713483,730.7720269223237,3969.543156355347,1940.1050234654733,22834.4764870437,23754.384128755548,22113.799710990792,23440.095002503775,22247.869238840845,22452.889265285474,43825.95516552406,21868.861985541764,23967.196151978424,1265.757220597586,27658.826600517015,57026.73441513027,1227.9298256003954,27655.918669438815,57027.352049788205,1229.6955382460665,27633.04315337929,55119.50169193559,2346.4116485345426,15456.833787330914,9647.21990237744,592.8142144799538,655.9520157802058,437.0698962903357,353.0230668762319,37385.20074994495,8033.497734736639,2619.8359420165175,2606.472237650108,2774.8159687212033,1184.4798630055495,619.8789155466014,329.35290117128073,680.5228140435534,337.65311934559884,322.33462902563656,289.610319480058,293.8330242185363,236.8247777495091,27543.59995217598,52937.29004005863,3866.290864631169,27093.630527084777,53478.42225561281,3088.4570479402837
17,035,173726.94456792402,47879.25069729478,105952.21098055932,13773.976958377654,122648.83995230962,39008.28066799659,71697.1199517454,8212.967803949621,58751.08666506685,1639.2239201018037,17001.440700404586,53450.027110250005,2158.2444674848207,18412.49933201659,39672.33071347793,25860.351493870927,61001.073114411,60000.86009903261,60099.84401066947,60503.73941750003,62326.72833437418,59459.08801328434,120595.31346111304,60522.93145172467,60435.73011977758,65266.408460018094,1591.2328864907174,375.2967236853509,2820.7429321468726,1450.8645187090322,14807.47033767318,15516.073038550909,14265.395693551509,15279.398051176933,14251.137937063437,14289.153358345773,28370.59346102801,14107.41699892481,15462.377478268392,100.1526306018901,17462.69805681375,77283.13217308592,909.0732078796525,17509.396801753992,77556.31071829045,912.0701109880109,16880.449797890567,75853.64838935697,2013.9704208278663,9243.536500200691,5892.512136524911,454.15599377823764,474.9581451831816,285.8038182167396,256.6507724792378,53869.18779701227,10431.235791462062,2443.4946157297877,3544.5928591046936,3819.4997696841137,1443.503965157913,791.4250253121617,410.80978211003014,337.8649859661269,204.6995569061962,240.48267612623093,244.69281925834773,324.6268847387865,201.86051685052533,17047.663700413053,74234.82600817001,3015.1939806724868,16634.366360424294,74796.42600052312,2246.9380264589386
18,037,172774.7569419582,118842.68919450059,29888.162826635773,13252.380331259383,126006.37327517325,90348.61377412191,20241.100366866627,8425.276558605527,32922.0139194302,3933.662269893236,51708.907747674006,27541.821612107025,4623.359449655452,54454.21911088286,23168.581066599338,58264.48154619216,34516.40061461019,32805.81761750964,32700.972160637353,33068.72185183178,35141.584825884,34211.21362374429,65872.89215446348,33669.841432186346,32668.21714907985,33597.21884849734,2826.3135383737585,1135.395309105571,5634.713300380526,2529.9237281536534,47569.91874948352,48729.42627158894,46363.61232979188,48485.89984719691,46865.25362647329,47118.58578613426,92011.91002910196,46177.763237151434,49162.36747453862,48161.72882054794,56485.79259354034,48868.319316235655,1761.4513737327345,56482.79031307922,48879.67707994405,1764.6526163648693,57188.305011784505,46374.14668932262,2781.1737864187894,33405.036753996625,19469.157819512497,975.7619480411216,1133.7900031012323,770.5391761901229,644.4667574812759,31839.728839885553,6235.370972502915,3105.3925384500512,1879.609178516266,1670.9835407857202,941.7603404296341,474.74813569052867,430.3104600441394,1076.814672934098,435.25142180920056,399.10248458968044,327.5931742765928,280.98923117397953,299.8603374397507,57250.52651610278,43355.835096914605,4708.044906292379,56807.06024949404,43922.41020136591,4019.7390945078105
19,038,174523.67175799076,40804.11824102853,109370.44582964746,17409.672528257393,129180.40885060396,33630.366125138826,79824.66211233039,10834.159569038631,63083.92339536061,2419.02931166169,12985.762424052344,54447.5635186581,2888.5824636937914,18036.101355805735,40036.442480043304,25090.171502561658,62451.98718911739,60735.29113038945,61170.48930204784,61524.4906771879,65093.85135616111,61348.27699169172,122626.742695356,62074.44675504577,61435.200302606994,62495.054373370054,2154.555440607238,645.9783341685358,3944.268826490509,2087.288068780006,13559.534579057092,14746.065375875765,12591.60395155737,14126.315553461305,11930.158892877962,12892.779058154147,25200.51805560824,12171.507150176509,14432.429091411675,12942.948127170626,14870.805651484772,76447.7480242408,1144.7207687043851,14858.671777467132,76218.61138028913,1140.7458996217113,15639.719497864096,73952.61965550143,2103.799581113802,8723.065990991947,5039.189639863575,334.13569771745523,466.7055547779205,299.351247858842,226.0577071511795,55098.375660101105,8398.444914155845,2920.634810853005,2744.5376611832803,2983.2772588389203,1369.3817256557904,681.865637420589,437.91798200918873,505.16801513693133,295.40438994810637,323.95236903941435,279.8319519843188,311.57213623045016,213.08033862688254,15868.416254726373,71339.80323610854,3485.925179541059,15642.925700560138,71818.03945581113,2746.237829422347
20,039,173832.41163531973,43985.017295582446,109667.1724784571,9657.72021468408,139485.97711861582,40417.006293645856,82768.77095431187,6967.254272174245,65413.32369801785,2236.8300128971473,9203.321394153438,55766.80352542957,2725.3224397121576,14949.390255192382,40609.67689743483,22892.59674061215,64112.900151649905,62243.16817699069,62824.57475551518,63165.701775043555,67064.5363995168,63105.918862227285,125989.16936154931,63892.67780448648,62901.7642774194,67318.1909351322,2004.5622698358495,529.0428507642108,3748.9101229251037,2031.4673784819256,10599.388781376801,11978.550771310582,9695.14514661604,11090.518617746817,8759.385382444454,9785.356135109514,19328.333631430836,9090.362377457688,11581.482313376591,0.647184034036223,11944.691561047475,80064.58071787434,963.8733607775232,11899.890298678287,79817.856553584,967.0577530940515,12954.508636087536,77355.41289890326,1942.0335259007368,7293.915295661828,3915.2478471052827,284.41181586041665,437.19697675774995,232.2924245232421,203.204723425702,56376.03079911383,8761.897598962827,3521.446855393231,3161.3617316502086,2977.058696961233,1466.0443756436257,703.0789784279503,506.81868889552595,512.1726623493071,360.84639883273337,324.0921850237927,270.06027500692034,355.29079115323174,216.96559846118583,13275.48975171885,74007.72265888419,3418.279627937584,13055.95270007265,74602.95816600078,2673.736386067247
21,041,173494.67029810773,40406.04318594686,88558.02336678129,23298.587166306625,127606.88818666384,34741.579299882396,63170.45188348393,14860.842594506734,48094.5952566353,1890.4554113383228,12563.049577663203,41913.31773151272,2600.2531019809135,14919.794842905503,30999.286726585564,20483.01712295088,47755.45674891365,46392.144913056574,46465.80487449344,47005.788535585976,49106.43413631272,46418.64952252168,93616.49749630805,47285.058811359326,46733.372176151395,51679.894901480555,1838.5576004360955,542.3376273587329,3433.7060195571535,1702.7685239115553,11919.917812544314,12937.400014365556,11325.620276585476,12435.612395699056,11363.979028789507,11572.717618283215,22332.39734372531,11119.80727571984,12949.281751277387,204.52598542535418,15270.812821599586,59348.217613697765,878.9793791894871,15271.985431041612,59352.071913792104,880.9793791894868,15024.077251954752,57962.732889308885,1750.782084971744,7590.201066459553,5069.142474500832,568.5166859194004,537.4032941678395,221.27694705982896,410.0281222412158,39800.29273503324,8330.588059772224,2659.4752056956804,2780.5126520128365,2318.0551904213403,1028.859947328159,690.3874106358285,362.58612599140173,438.7731055243244,311.99098752767503,314.87989517009635,287.36758881185233,239.56197405211483,225.10901173627292,14787.749130953305,55707.011113409906,3255.1805548705856,14454.657009754139,56003.429199371836,2386.9416512466696
22,045,173578.19069849153,106527.72569138701,23514.06718564564,22228.337945719784,120540.39712133676,77289.24318116806,15489.62513059754,13762.275255093055,30061.976106714625,3520.0256581786343,47460.387917443615,24884.71211961162,4073.763510659236,48909.13500008915,20808.23618372386,53115.82154986922,32316.448471280957,30950.86380040667,31018.701865389772,31334.152452238286,33125.568889146925,31914.19906638819,62502.20348247211,32010.699836337073,30848.59919824485,32024.604188583682,2637.239370222591,1056.8355246464344,5184.381357744277,2198.136705613851,44344.82332646411,45388.711085804745,43056.16834986567,45074.15968924435,43616.35087102175,43576.518088828416,85391.72502587362,42869.230692596524,45830.23970513573,44516.056287666375,55220.70466963999,48699.77594773304,1626.7238640684795,55211.83516690786,48716.50637184327,1629.723316083487,55678.38054916999,46465.46268960703,2814.6063264924996,29914.991813144603,19765.267367620363,1373.3245211558785,1365.2784331653413,829.3721156397454,1112.378155432407,28617.356557553532,6754.9560387823985,3840.8711254386226,3024.578744833141,1713.724955168174,898.2822137898269,635.3362894440102,355.2513314170792,954.3565839840996,385.9774654897565,433.64580083724076,356.08712763783177,292.1458513388452,337.34803833765636,55410.67316065954,43355.833746786964,4388.644624684973,55064.99621586661,43884.62677308961,3799.93411528907
23,049,173820.40601740096,111343.17423379912,12375.875168537119,44501.36362293767,125569.66043074171,87303.09594729506,8864.927946346745,25909.633067635063,15700.52786647138,2267.5993026238484,50692.83274402234,13171.915498249933,3489.487804081542,49149.76392915359,11643.048775509635,52819.92507696677,16733.956961345273,15273.825596689507,15443.35541661748,15653.949335456324,16696.376492296753,15938.713732164582,31485.425680265453,16381.543143704981,15401.53201287627,0.119342558052851,1882.3751428558278,771.1245293194958,4027.8694033624092,1497.9594483516485,47984.73838402531,49140.747665362986,47469.553953269104,48908.03869821836,48480.74034379882,47699.02466974606,93765.21409726315,47147.55094388783,49284.75347169108,55671.53191995319,62784.90997700489,24305.682637345068,1298.839837761391,62798.26264065478,24308.03530671799,1297.839837761391,62484.31819304677,22776.369037617264,2410.9127761631994,21523.029992719894,38617.706118014445,822.8378006673363,761.8949677916914,556.3023000900916,542.3645072220503,14505.180913596567,3529.731185656951,1777.385641139147,1020.9107660039017,786.3144724595231,535.5978103475716,298.18152907154615,190.4737926051464,757.4800219661412,240.8858965177494,281.65188560290284,235.94593016555046,205.41544457075912,206.53287983026016,61918.60665487975,20772.695911824212,3730.1631733111367,61383.83794653534,21059.169612138892,3292.8031169072447
24,050,171792.43559634278,144278.58835986862,9063.120262471091,13623.674867522983,131116.1334023818,113426.64260974068,6860.071508649244,7941.39083855713,11374.472133528614,1832.400697376151,56808.167255977656,10083.084501750061,2885.512195918457,53564.2360708464,9071.95122449036,55957.074923033215,11432.2105240634,10172.456053095331,10535.50068390432,10719.841913025642,10890.02988872606,10834.378319545562,21701.281420025916,11408.74922752982,10479.158513607354,383.14370105157604,1487.4036289345283,592.6628378813419,3202.071150485824,1131.755334543103,54036.86150918515,55296.18798553734,53581.20499757477,54640.81777815204,55375.44903763045,53637.8872881545,105962.01801413015,53220.48197478271,55124.03936715878,58589.57836125284,71271.43240248894,16051.472359509204,951.6784561141577,71273.486299095,16051.119572045645,951.6784561141577,70375.71936883367,15039.651532641796,2040.2608578455586,22765.5218417973,44086.56201452512,1131.468993998932,863.5092425854588,727.6834316874732,735.8742786671045,9173.863473486443,2232.895215033205,1511.0855284650775,661.3227483402795,591.9248016992182,329.2861324506923,224.98513826239218,167.42926365837693,635.9670160009842,196.23816601302156,277.19696283141354,206.6824855496536,141.57564693260002,187.86560622087913,69115.46194028077,13990.373701270557,2752.194647639065,68650.46972311425,13920.39628085931,2596.3326091327867
25,051,173592.09119250003,161323.49848762978,1364.999508366682,7453.5624457158765,136857.5110569007,128843.74207615759,1063.006155914772,4569.741668195618,12758.425301787081,2198.6894447128343,67261.9551327888,11467.436890391513,3990.35439884134,62912.930642204476,11683.373751811183,63892.47188797956,13511.093297519534,12014.046539313533,12198.530948288311,12393.32084206872,12524.02318588446,12719.217895829672,25173.3601253007,13160.015638234809,11951.067842539163,122.94415557247393,2008.1793007614765,845.3079246232736,4205.341184426557,1509.3777412636844,64559.08931615044,65828.43442355866,63997.56156465285,65437.86889163461,66280.71301889178,64284.25066999122,126553.3909072697,63825.95755398409,66117.65787848303,69673.62492861497,85503.00425401206,18635.35081710598,1167.755937481841,85521.00425401206,18645.35081710598,1167.755937481841,84189.67413383976,17417.940047881984,2613.4312259270014,30256.531634288753,50436.9983649658,1232.7709855648588,881.7860336457,719.8742067182757,891.8817307617322,12316.203389303519,1889.174230740701,1720.733365358689,463.1537740327691,355.1688221124644,318.35269230634265,247.08064903461846,148.53656249701305,753.8666826804329,250.53656249827327,292.7129086497261,189.99247595894937,171.7204326903185,207.26451922872585,82812.60853288713,15939.823894050802,3510.9376922648526,81796.43218673235,16148.73572098212,3339.9452163021224
26,052,172506.82961942544,130156.45234980935,19357.780205303174,18235.241514265836,128261.16622472391,100869.67152224193,13790.390906352426,10850.063288661688,14808.09566030352,1866.152485302925,46531.04750963318,12755.296252017575,2669.8503701469895,44540.21617145116,10871.333335435786,46922.75150857916,14445.44882177207,13378.019571969451,13489.93282826825,13604.631457789332,14138.613787344948,13901.279633596228,27395.428575114787,14283.167259881538,13336.97223264407,13590.594859212626,1514.2354724361269,611.9538005424888,2919.1473837115623,1153.1931251655303,41899.046733267205,42823.76255949231,41412.04689621519,42659.59874956004,42810.13777913936,41778.7717801187,82341.823794209,41189.749182091036,43063.69617264603,42946.179415178085,57380.36553211266,20207.36970124818,973.8077020107986,57163.36553206952,20116.369701205036,974.8077020107986,56570.68204347548,19300.196125648443,1985.181631092041,30596.101781554844,21265.67797279545,1142.7984600684558,952.1726185217248,1006.1635352373291,726.5442136269021,13280.224504264024,2370.883993572032,1702.9246688026326,822.7577014510874,654.3916330317973,351.99148517771073,253.89499839201443,131.58405593432647,621.6126263446539,240.26051769559226,303.30178981951747,242.51394837574873,170.65836791620143,252.2514883925327,55887.56642401937,17738.75318122937,2737.108878445028,55158.54984758734,17987.62072605305,2484.397114474423
27,055,174183.55357528862,41669.874337039604,112513.66040363797,11562.405769030112,123195.70432747001,33740.03571758697,76983.76893918694,6950.074501595257,63627.76179188112,1795.8886699680475,16473.22088738813,57206.468963135456,2563.9847815857415,18123.848352668672,41956.306363363576,25649.154562296517,64628.397894400376,63509.739825465644,63545.75241471935,64077.673061561225,66087.816779965,62779.26560153836,127729.14814660866,64177.00389626812,64089.71090447084,64223.16303865855,1703.9710787130607,449.07173404622694,3073.4210494460804,1586.5225146746934,14647.350006799192,15426.60657643804,14122.851662991032,15124.71782878307,14106.595948652335,14241.808567373457,27998.459863692988,13857.175218278442,15274.292019871227,14634.602528770245,17449.124180363895,79701.57046035689,940.7578051876084,17463.131618791263,79672.02331055024,940.7578051876084,16889.734274132625,78277.32643581758,2151.8654244733775,9161.645789727621,5594.678714550957,585.5781335043918,491.735608579624,309.1194809001869,386.0781569353955,54363.87259997401,10795.016162596305,3004.023076186536,4165.539341192687,3228.457684856793,1414.3083526512155,855.4782233324472,419.53143300192875,417.9558837257729,253.7740979958589,285.17817298030104,267.3991064920676,267.29544843159005,224.0480362988149,16979.11332433192,76414.99097472565,3147.1108173178463,16750.681761283548,76831.29753878452,2335.692769264116
28,056,174502.70056453373,110940.456180749,25339.97955336923,22826.065970508247,129866.2170971951,85862.25812953508,18677.989912456505,14917.014562623684,38435.24715576904,4155.956496199176,41277.00916852348,30008.916434598897,4289.918143225201,47559.72636651781,24051.058014718903,52434.55735158204,38598.857316733185,36593.86343441127,36817.134166285476,36909.159512699276,40236.8719570826,38295.80925889645,74063.84387845012,38283.405498472464,36131.05199820975,37801.43131557898,3049.8599870026906,1238.8158907322397,5782.261915911593,2592.53678023454,40931.675669366115,42325.572269366254,39339.710103573096,41835.80499072184,39345.71264134583,40161.373191483195,78267.26054109789,39059.70548941168,43019.825100819726,41740.716588939686,46372.296432562136,55257.40006940455,1591.7711043099284,46387.70964617804,54721.42115012841,1623.7685481371366,48812.871428449296,51264.431864364524,2430.9064734752,27942.800687936204,16689.541600360895,743.2991883263577,923.876582990904,566.1251206552366,579.3312898066306,35179.629069852854,6174.695184914325,4288.091991533318,2013.8600113476084,1596.4019200921937,1033.0101201950768,533.9148449851851,388.7256624824836,960.9054882530385,430.2996023994189,450.59204072239856,296.24773292724467,296.70922978109974,303.69781865944327,48811.65194105704,47073.9644970653,4601.296721228803,48359.46867803048,47676.26157644955,3872.51789223421
29,004,173075.18352596433,118309.15015079694,41255.00945395406,8958.024020670435,131149.13688267645,92265.11609530544,30239.009511232212,5691.011262939657,18884.13020748506,1804.470160103469,43642.819763974025,15582.14594058579,2275.696228726608,43269.533188335074,11777.627254277051,45921.163367679575,17929.23830816184,16769.409300590614,16993.435246205634,17338.874461220545,18174.825495291243,17181.6368979144,34519.3069307555,21712.4426791667,17112.434794686727,0.000179584106448,1292.5545821505352,535.2250017675573,2819.2030255714135,961.5309118041284,42712.649566840286,43721.62146602874,42436.26017747246,43298.92798920541,43414.11685741106,42077.601655577244,83883.48277789133,38679.16506531622,43704.37364006958,51946.99644811499,54636.96895716967,24640.024790923562,1073.24409148033,54642.96895716967,24645.472779482072,1073.24409148033,53788.40078180229,23871.596684153537,1849.8002516095823,27988.672341080728,21036.50340380698,1342.4581448653419,914.8081181599445,1051.8122668477095,952.4341143890872,14935.1316355912,3712.296335548198,1571.7581982761367,1176.6541753931626,1057.8881105666637,503.3120686489222,275.21405338501177,244.65603432446102,647.2380838612664,218.65603432446107,431.22606862313904,256.7900953027534,162.66804956258835,209.6560343244611,53537.23854165998,21858.366466842635,2702.4743087912343,52942.142385327366,22106.56850498952,2272.136350734759
30,008,171385.51468514607,100963.71799896921,55942.89135301149,9198.229007744021,128254.65377083697,79221.94142289413,39797.92559463045,5852.004716787043,21928.0,1305.0,36497.99999999999,18737.000000000004,2050.0,34648.99999999999,13083.000000000002,39095.0,20618.599315998843,19844.55320911486,20161.589515125495,20324.56295827047,21163.63936936467,19668.58789432843,40422.144353048745,20725.62816023714,20143.570340097933,0.0,1031.0147187623365,324.0148729487555,2141.0535366795293,892.017350375966,34562.96385024211,35307.98679180655,34002.94355270139,34840.99667090689,34875.92916779715,33886.93822132288,67821.92081673178,33726.9162400947,35169.99002901377,40846.18380475435,43250.99999999999,28046.0,781.0,43260.99999999999,28043.0,783.0,43066.99999999999,26512.999999999996,1541.9999999999998,21168.999999999996,16917.0,1336.0,894.0,1210.9999999999998,763.0,11128.0,6798.999999999999,2176.0,2049.0,1972.0,890.0,395.0,607.0,470.0,214.00000000000003,350.0,265.99999999999994,166.99999999999997,241.00000000000003,43616.99999999999,24926.0,1945.0,41855.99999999999,25759.0,1746.0
31,010,172380.07863283658,39457.03176882008,117497.64764780381,7142.101564389209,125299.00704222667,31540.701616667793,83947.85393926366,4386.918703473304,65532.0,1460.9999999999998,16054.0,58720.0,2227.0,17765.0,42948.0,25819.0,66713.71355115059,65706.15595130656,65923.53843507492,66327.34792805581,68580.13359395401,64767.99013629971,132223.54323475476,66351.91908576059,66369.63024583324,71299.97370174265,1624.6420937875844,376.8432083927125,2953.300745177993,1523.8215752536937,14484.67278129613,15165.341165665826,13813.013538485262,14853.814050447398,13791.926846116887,13913.237453173972,27521.18453659846,13712.158468028327,15095.492383495584,3.647693819595657,16798.12885839675,80066.47097075339,776.8494231417358,16856.128854403592,80172.39871312701,793.8494231417358,16355.655433380392,78462.94296405886,1822.0163142918066,8891.115536182437,5629.941092488655,415.96008996188175,424.7581453303851,271.9456694273033,274.09231126312324,57966.058665885284,10225.270512954765,2390.061853822945,3129.232334238871,3087.8661740861107,1399.4233124447378,784.5915138879816,395.08199935002636,305.99977455622377,191.11844647171742,255.84612142535073,240.96096251845702,376.95808918878026,217.92474775292482,16184.844606353772,77184.6407437427,2791.972146202136,15886.854392320562,77388.73336430652,2146.334662143461
32,011,172581.40545456958,98921.31110274376,56782.011222147106,13702.760213935953,127854.28228558162,77810.08152438121,39733.99464682692,8304.988379880871,22052.0,1005.0,40357.0,18618.0,1653.0000000000002,38271.0,12635.000000000002,42012.00000000001,19213.51253300059,18227.55300005214,18747.519407645934,18732.54624261915,19633.473235806483,17999.51165660746,37608.076032763944,19532.484867912593,18630.53835949743,0.221573780098245,790.9882501915215,271.9854244708442,1643.9503721342808,614.9844070526275,37413.13064645251,38280.110616072154,37070.15032480469,37901.10113102043,38191.1678264197,36870.15605990474,74010.2677418211,36666.17562714554,38193.10728228099,45003.753419325054,46482.0,26080.0,506.0,46476.0,26098.0,507.0,46284.0,24668.0,1168.0,21204.0,20476.0,1261.0,800.0000000000001,851.0,770.0,11664.0,5989.0,1950.0,1729.0000000000002,1501.0,638.0,424.0,301.00000000000006,319.0,160.0,320.0,292.0,124.00000000000001,245.0,45310.0,23707.0,1585.0,44607.0,23799.0,1375.0
33,016,172006.8034361267,122692.88108881687,35528.0588715738,7127.931104036637,127446.22927598494,93642.52774308396,25298.80451513706,4551.966349318489,25134.0,2493.0,55643.00000000001,20842.0,3373.0000000000005,55457.00000000001,16582.0,58423.0,25088.81168534597,23603.86237860879,23805.840137452542,23973.869404304467,25420.811343994897,24227.840402377267,48168.701945689114,24820.83233739732,23611.87556309636,24856.820795199335,2016.9299653752898,894.972396136079,4154.864462040707,1693.9347345927156,52960.52242900649,53930.48693790079,52268.55867140123,53767.47660101457,53271.5114464968,52594.529335699684,103451.10010605668,51942.54858394401,54453.44825799811,38321.506188466126,63852.0,34202.0,1184.0,63905.0,34249.0,1188.0,63953.00000000001,32339.000000000007,2149.0,35508.0,24153.0,1045.0,887.0,716.0,741.0000000000001,23861.000000000004,3676.000000000001,1970.0000000000002,1093.0,1019.0000000000002,594.0000000000001,347.0,204.00000000000006,734.0,268.0,317.0,268.0,194.0,191.00000000000003,63352.00000000001,30207.000000000007,3468.0,62788.0,30464.000000000007,2965.0000000000005
34,017,171821.9408467169,107615.47278932751,50260.52249072708,7977.639924369214,121375.04858707977,79929.73753392624,33233.12187895278,4850.891323691616,33996.999999999985,2231.9999999999995,47064.0,30114.99999999999,3076.9999999999995,46006.0,23158.999999999993,51110.99999999999,37895.38441400893,36515.420209197335,36742.39434701698,36980.41895082256,38204.37602076217,36622.38494504815,73874.78515128382,37415.35684830042,36755.43078489713,37088.239851872786,1957.9168201024966,607.9687498619531,3841.8474940636806,1567.9612316648481,43196.30204844737,44256.2560363334,42538.36682711626,44026.255867147025,43584.31238258977,42602.34905704618,84606.7158073179,42474.35279428569,44493.253187116155,44361.88679125315,50962.000004045825,52315.00005185831,1216.0000003799964,50977.000004045825,52380.00005185831,1216.0000003799964,50314.000003554065,51142.00005098655,2268.0000011623383,28853.00000187762,17880.00000136351,950.0000001117636,750.0000000670591,680.0000001117629,658.0000000670581,35039.00003717257,7448.000007398739,2322.0000014529246,2391.000002279976,2388.0000017882185,1003.0000009835165,587.000000357643,315.00000020117443,701.0000001788208,244.00000013411588,342.00000008941083,265.00000006705847,293.0000001788223,223.00000002235285,50211.00000364347,49420.000050315975,3359.0000013858667,49666.00000341995,49682.00005078538,2826.00000107293
35,019,173212.24055493437,108219.96533079192,45168.178233935505,15520.909736357611,128875.86281692292,83543.78738671601,32897.848867875444,10082.445135535081,14858.869792514932,970.5298398965308,39560.18023602596,12431.854059414207,1480.303771273392,37544.46681166491,8697.372745722947,39105.8366323204,14232.120352352174,13480.967602100933,13529.938760959309,13781.501780302631,14175.527491466226,13495.743011441778,27706.437164201536,16883.9101567815,13704.929181370286,56.008153877306036,804.4192632595026,282.76743757035206,1805.7436419780925,577.4428756923364,37585.01776460677,38389.0307831272,37679.41338905856,38095.72439190357,39073.55644778038,37465.07547435949,74197.8790752783,34948.5302462444,38345.28832920507,43249.39407701376,47263.031042830335,18937.97520907644,603.7559085196699,47307.031042830335,18948.527220517928,603.7559085196699,46195.59921819771,18420.403315846466,1296.1997483904177,20241.327658919276,19001.496596193017,1000.5418551346581,647.1918818400555,3891.1877331522905,876.5658856109127,11358.868364408798,3139.7036644518016,1006.2418017238633,1003.3458246068375,962.1118894333362,360.68793135107785,246.78594661498823,126.34396567553893,305.76191613873357,133.34396567553893,268.7739313768609,225.2099046972466,126.3319504374116,163.34396567553895,45085.76145834002,17421.63353315737,1696.5256912087657,44402.85761467263,17401.43149501048,1491.863649265241
36,025,174016.38964036782,111986.21551766225,52069.15555238397,5684.022900217677,134483.33055952142,89944.20619520886,38127.11680915383,3698.009251395908,25500.016155018926,1699.00805529738,49152.803616594174,21576.888931667712,2340.1223872111714,48602.46545699284,14799.496001967422,52225.18205268241,24642.236618817664,23175.758428799298,23635.488513141267,23816.73780786653,24989.9976481953,23555.679967992746,48204.69419561257,25218.67716341824,23575.293587259905,41.167038837746645,1449.2480158320586,486.67734216481176,2813.405661691022,1058.3519043764547,48719.11575368787,49980.39509146846,48349.69710107288,49386.880890729015,49482.718804553864,48175.07936441893,95628.78439616926,47528.38372124983,49853.85739505964,58005.53540126468,60161.38169966975,31309.537895437017,898.1610319073158,60153.38169966975,31263.537895437017,898.1610319073158,60098.11761030336,29813.60874651463,1756.225444670242,32181.351080654873,24322.08697648042,930.4895340366289,660.90016169827,591.9001616982699,725.60386595042,21409.83739553415,4185.151374435292,1513.3719829654965,1075.5861531810183,1014.6827723254077,470.93236807973307,426.2930765905091,176.7858297844785,477.7858297844786,168.67149787068706,270.2286638275828,187.11433191379132,152.55716595689566,221.22866382758272,59425.853520936966,28340.354314620257,2581.30435104523,58886.674776260246,28436.58297844784,2229.1900191314385
37,030,172531.23555438814,123794.96226494065,33138.6715548154,10302.033835528466,125664.20324461187,93513.78009598561,23008.804230770053,6291.0432197218015,21633.784064428037,2199.2135874888127,48212.98039499759,19007.20616041535,3235.7839550497447,46808.166294140836,15905.540331132204,50315.050735213954,22236.66572055923,21066.208242612043,20999.799109129075,21306.16762011104,22145.237613581925,21410.690203294864,42804.22928462623,21844.86750944814,21146.34156987878,3.373159583492045,1868.2402562723623,742.3508841568665,3759.6568166872426,1526.7272326500515,44964.208938052754,45878.0054295644,44550.04031377123,45822.78389283742,45435.45675569944,44500.33424030973,87865.65460537667,44163.21899317487,46075.76731804971,53780.84970860534,57391.32523497489,30337.222799732695,1212.2128606963922,57394.189626015046,30337.368330688798,1215.2128606959302,56580.33729877122,29271.421347191103,2306.193802799071,31497.366057473588,20977.66874754033,1104.954586765559,864.7138362486469,863.352559205865,734.1759501916971,20215.334067162185,4017.385869807032,1729.8031146827664,1388.9841143274311,1263.4945814464606,587.7198435869922,368.72223813356095,168.2216914577457,713.3795024849125,253.16590801670466,302.7667248422441,240.72848853026105,210.0486438291296,243.7051324123461,56367.793402942836,27556.283947116703,3373.9989922893405,55605.79165298879,27981.971762078858,2976.8875457427293
38,031,174298.0222819695,135386.02452531763,23192.99855056487,10761.999001669948,124828.01709270853,100359.01702426051,15587.000548258935,6219.999628722496,17415.215935571978,2011.786412511188,53216.01960500241,15381.793839584661,3321.2160449502558,50484.833705859164,14193.459668867801,52525.94926478605,18767.94682227323,17745.462980635755,17685.3138302538,17972.33893914021,18379.57479378056,17848.813369450363,35953.74639499856,18318.929232306666,17825.388531920427,0.031146549983415,1773.3180744432595,591.279080128998,3614.9301088985967,1398.927902966717,48159.30884661125,48909.78283407152,47592.09251961292,48839.06833971118,49171.24860277985,47771.64979348929,94215.0832667614,47502.533731295356,49148.335738213194,54361.61872914454,66341.85567373625,27571.034922362946,1169.9114368076016,66328.99128151115,27559.892475368288,1170.9114368080636,64934.20151516698,26680.27910613323,2496.3743520231114,36113.968557645116,23431.98420928636,1398.7577155335434,1150.6620048224463,1094.6164623336526,1061.2659321469437,17581.383721722195,3856.607174468023,1830.0728541735382,1336.8507166102027,1247.5549021940171,570.0598783240807,358.05569912960476,188.12333166107643,769.2168933419132,268.7122532513825,325.3883979624713,257.7030362640929,182.77086095121118,306.004755129326,64338.328154295945,25053.01191314921,3491.8310430105857,63519.41345584843,25531.324990026358,3061.7114867928594
39,034,173067.73049990175,30414.919262126565,106651.28367878741,24642.05748711215,123519.39740666657,26225.398236736455,74318.49330696913,15146.093395914178,49617.0,1201.9999999999998,11888.999999999996,43770.00000000001,1828.9999999999998,13427.999999999996,32717.0,18816.999999999996,49752.34248932247,48997.28953484395,49002.32051802577,49449.26423424878,51072.34659129338,48285.33716976014,98441.59688032768,49472.33852687268,49433.28772234668,49885.51962628373,1320.051625361204,323.01801434710103,2357.126599145114,1179.0561591435076,10644.390604553837,11114.435506811367,10170.378335375344,10894.457133765809,10170.412682649727,10302.399293151982,20231.763282064097,10021.383482015228,11106.463780402824,10319.897375115845,13564.003040446101,60006.05144011306,776.0004815129129,13560.003049029056,59995.05147006063,775.0004905889459,13028.002748304956,58822.05087089495,1660.0011061557916,6711.0013601004775,4625.0005896198,395.0002424938395,398.0001395230794,233.0001664215197,262.0000566133566,41309.034341392966,8291.007786992643,1963.001653661732,2743.0025231582003,2807.0031794694755,1186.0012678876863,667.0005305787823,271.00033826183585,255.0000217372817,172.0000530095419,201.00011725497507,238.00009808490043,726.0002055936826,162.00002872243954,12937.002642732428,57381.05025292456,2579.0013557414945,12608.00267211462,57783.05042044047,1907.0010953433828
40,036,172082.23158607687,50672.400579756126,101940.88647677095,12231.995410986447,137630.41853469625,45548.53853574843,77339.91501362725,8799.99536702041,66792.45192183423,2546.6985171365095,6838.561229500535,57176.516590398955,3553.274881665696,12183.175814593531,41324.993428265356,20351.37440832848,64856.56701958824,62440.63151496388,62881.64075627436,63635.608644228494,68009.53009241974,64230.58502749592,126556.24641935533,64340.597584875504,62962.62506819946,67324.51622901515,2613.9271141652193,617.9869427114629,4554.878111433862,2441.9374184727494,8126.748871212233,9927.695759815959,7184.759691803013,8677.728438806767,6167.775297590206,7255.763929788321,14092.539862127891,6537.773128056898,9597.6982305324,0.000456690850113,8868.463399243255,78533.96725155307,1104.3307506279411,8958.363576675307,78783.50511253877,1122.1902116110573,9608.426341987239,76104.88185386469,2078.49090596584,5254.270844768182,2948.525316146704,256.91783459127277,352.2100725518676,202.01719564881986,169.08953432500354,57721.483752559536,7382.812164520575,3414.187654831117,2656.093606820041,2588.338789790865,1295.2071688413637,635.2482696103303,427.10017511963866,616.3081998462479,427.33559998659007,291.18612096043637,264.1363839054647,405.9121137533869,199.1213839884504,10042.75069997266,72437.26043872388,3953.189625055572,9924.882913456562,72986.35156860828,3019.0053418711773
41,040,173504.33240325874,91984.6196919968,25782.66628864355,36809.83385505991,133915.21941433888,74271.90054167232,19853.802641962022,25355.455876867876,41739.51080015541,3733.5189996992585,31672.113903500358,32498.158305848297,3707.709363244732,39281.24138729884,24234.407419742074,44716.525325606846,42136.426090980814,39858.72348846495,40441.18899189373,40396.94908242272,44236.88489432793,42191.16921284031,81816.91115963155,42294.766185282286,39776.10318952629,41795.844106490076,2715.6137474820716,1195.430069791327,5414.651012644045,2500.3446834145325,32322.39926106438,33839.98771079181,30815.219075035744,33143.637766366955,30276.460781468373,31264.22366769411,60502.02706348221,29925.287765099845,34160.38993316845,32565.08179553046,34364.807100836195,56932.27735729334,1363.3467605622304,34373.04404356284,56908.95424371538,1364.3482125463502,37244.33267181005,53026.28103053727,1991.8049688740332,21506.001341924533,12352.271524118723,583.2670108224103,707.7935421134048,412.21757055411047,449.7540604531485,37838.458512353325,5840.758693623143,4049.9290470962956,2043.4142111380038,1583.1760379838627,852.5106176019385,527.1511805296967,415.79004432370203,781.6245586183815,336.8471970047566,327.5227785673951,241.39877620044527,244.89152531831377,243.01982950782244,37375.30721197386,49047.50351921717,3982.695917839918,36989.833135062356,49504.01510538876,3451.3751816512204
42,042,172405.06607347386,90652.11680787614,42055.220947546375,24218.649630735057,138729.2362361101,76717.82916252225,32941.839687066145,16914.198629233717,64672.116991254705,3520.0774892697027,15025.839334567183,55109.29928028364,3981.8847639642377,22258.311534389388,35425.01914261653,33117.95681449633,65508.31727641094,62204.54572307587,63293.41735998697,63612.55443992217,68357.32085485182,65815.34361103037,127619.355916268,65437.03197608365,62212.23963727787,71819.1743937914,2915.092293815075,1040.6183786935196,5468.541473106073,2769.4206960977126,16796.707786843403,19332.274456881612,15654.745139456854,17769.647544512372,14507.298251042737,15756.391625714066,30512.83541138681,14540.240004974672,19429.18900185142,110.15399363138705,16267.676607104904,81281.3254148112,1332.0535057406632,16269.67981699577,81265.0976832296,1333.0534975170665,18169.48518927147,77983.84532012783,1904.235314183145,10437.59414558306,5930.175579391487,291.70001638603907,394.9766319243954,223.58948762815191,211.37734662428875,63803.539617550705,5727.9520263738805,3474.557072368266,1801.1809679631426,1511.6447427038393,892.0614531384571,507.86882877219114,387.17407066468206,757.2582487871217,454.0954555315721,314.94358155434827,205.47665048151023,221.43307351871204,152.2633184936892,18674.272696450855,73282.45950634895,4034.698754586228,18449.67186425288,73700.87185608126,3221.4700404522496
43,043,172107.3993679121,50653.46378398219,103711.3240217566,12251.250577000228,123175.58942145828,41277.53027058232,71004.73683713745,7461.171307602356,52514.00000000001,1402.0000000000005,18957.00000000001,47858.0,1952.0000000000005,19798.00000000001,33799.0,26069.000000000015,55265.3956780822,54213.10913797473,54451.82371847715,54719.010852511274,56490.842274156596,53612.57070848491,109355.23792033437,54960.36486327061,54747.58820714333,60757.76719124571,1388.8477213040221,364.1673633747076,2510.002590613303,1264.763992208341,16898.271735566374,17673.365500641783,16443.167412860883,17373.1956361755,16662.78220741773,16534.73529578411,32667.373545934282,16283.295169454714,17598.539853070957,29.38166619282463,20444.59681793891,69072.65388696911,795.4507865790241,20447.59419703148,69062.65591769067,795.4507865790241,19749.478778052406,67851.03508942027,1820.6971753996904,11148.960157309395,6785.073154269033,448.1542793190798,444.0354540658923,354.46407344187594,293.2108748506473,48060.294313728664,9620.556328090963,2177.4496361863808,3274.6005227624905,3008.867693047496,1200.347655887504,755.7591264455602,370.6960530992006,344.4704931651147,203.6340508365332,241.2435075972496,232.17602993138593,254.72574399489818,197.23850705774086,19676.763735926575,66538.20908092063,2656.7354639991822,19406.301542163987,66665.18264786796,2140.595051042689
44,044,174480.64320112907,27938.205721613347,121647.4183678156,14560.133026375614,127857.83239934855,24592.3902409985,87120.98471007751,9050.264806195282,62844.00000000001,1456.0000000000002,9248.000000000004,55886.0,2128.0,11440.000000000002,41564.0,18554.0,64686.16955767601,63630.47167707296,63651.68103494109,64269.89055493592,66507.11815284188,62899.59919802098,127880.08047066088,64113.17970516975,64155.77423892304,67847.64154598274,1657.0745935236218,330.78117388198655,2939.3291164777015,1573.069517185511,8718.044733232506,9460.716977659891,8273.66200201096,9074.581374536501,8097.051177749969,8308.99407218578,16327.404694583463,8095.830043688879,9360.788972403856,0.594607023094629,11310.409314457644,78237.00399116741,829.139096031776,11311.409352897817,78239.00242683245,828.1391465988456,10768.100790991557,76762.19043744155,1895.4960776682226,5282.0292085445735,3869.221043236829,364.637387128452,375.01266342094954,223.18416410332733,221.37523412265952,56489.86141160769,9971.55697092473,2257.2669395337766,3020.52507174253,3110.9237194292114,1342.7361880259632,828.218174093143,360.16757374299334,331.2691967227194,257.5997826765668,251.34199769053416,244.6010720468181,620.3590025901116,169.47749334411085,10777.387820551121,75220.02108138887,2932.470469678148,10414.961331999359,75571.45682969832,2277.2503357913643
45,046,174233.1535174075,127239.194165319,29970.698254398918,8607.132655255165,135914.30819283568,102353.09163785707,21671.527809096413,5673.59863849128,31156.0,3129.0,47393.99999999999,26331.0,3676.0,49152.99999999999,18859.0,53518.0,31632.60168814209,29460.17069383634,30265.348778778232,30376.494930461035,32414.00239202462,31122.280428231108,61043.79640130043,32395.782145351382,30367.54403296992,31251.579991528946,2392.425125233729,799.1827178177283,4539.868705573761,1900.349952197402,47093.3700229036,48955.70510286566,45975.21343017791,47975.49237178335,47061.173529081185,46517.251060515235,91536.31305145654,44954.98178655224,48311.54230808579,47612.411397768556,56812.00161165852,41079.00513046073,1392.0000533009706,56812.00161351192,41085.005134622,1393.0000533009706,57391.00156854943,38910.005010124114,2384.0001542299146,33848.00087830363,19933.00050683218,939.0000557266726,756.000040137468,675.0000218584538,630.0000310607276,27558.003225792443,4864.000782209418,2152.0002210948483,1564.0003501750305,1218.0002214595377,551.0001008168252,922.0000629894453,276.00003322303434,876.000033483522,318.0000133494643,293.00002002303097,212.00001627115273,208.00001608035413,226.00001255282157,57271.00158945458,36502.00487683644,3718.000217260306,56891.00157554523,36850.00491468847,3184.000166872055
46,047,174410.8793471995,124703.08680909868,25485.314038480603,16453.668849430396,129259.49838300192,96616.88619523571,17931.476865004006,9910.263024685595,22713.0,2637.0,47001.00000000001,19831.0,3543.0,46140.00000000001,15881.0,49370.00000000001,23477.822307086033,21768.19494646781,22210.43918361291,22579.352706402784,23451.25165742022,22649.246258170228,44942.74764216205,23840.513266978145,22381.43183787025,22826.524848324007,2167.7407867406005,790.9887112686971,4492.026920382263,1695.8824914740899,45601.1701337535,47132.444363646246,44785.160668726945,46344.758690791656,46201.667197355244,45029.964585415924,88681.85544893681,44076.15964019209,46794.738189956435,46330.365108240665,60278.7604211721,32491.43995490477,1502.5299689269655,60282.351902054215,32492.44087193805,1503.5290516748569,59653.036218771435,31246.518972443962,2603.940231717747,29544.559500508934,25900.48569009587,1149.7485940536626,937.6380581627432,823.0507325469304,759.8007554981966,20894.855577819326,4526.5900880455665,2002.6598175377767,1437.8957702093157,1066.8291980702788,621.1509929709307,564.8574935592452,249.10595521725307,885.5839498434741,334.8886538613461,324.1669787939967,259.38335913774,237.023439807707,243.61950449924078,58905.98700878383,29255.39740670123,3842.7974262444154,58600.72742880402,29556.92197064301,3312.0046258865555
47,053,173150.9305742953,157892.9642478132,7031.999992942441,3904.9663441363095,132043.93057059916,121628.96423569384,5512.999994927992,2344.966345656037,11412.0,2055.0,50710.999999999985,10220.0,3001.0,45694.0,9946.0,49124.999999999985,10823.998725822088,10175.99879128719,10446.99878192021,10615.998752616837,10603.998728434513,10647.998718519688,20807.997574249053,10814.9987458901,10323.998805313775,3.0719252971e-05,1537.9998077838743,655.999918288263,3068.999611426144,1236.9998494886802,45261.995168020134,45865.99512962172,44177.9953079836,45389.99516829803,46138.995143918895,44214.9953024915,88374.99060122798,44265.99530302009,46003.99508564328,49167.9947146341,61709.00000000001,15636.0,1119.0,61708.00000000001,15637.0,1119.0,60141.0,14991.0,2333.0,32420.0,20624.0,2045.0,1595.0,1592.0,1374.0,5981.0,2904.0,2485.0,760.0,774.0,476.0,340.0,365.0,782.0,283.0,350.99999999999994,285.0,192.99999999999997,558.0,59376.0,13586.0,2875.0,58268.0,13883.0,2814.0
48,054,173414.85321237642,126303.97887373265,4259.972025233692,38989.988355981215,125377.33262958187,97434.41260775969,3239.981141443023,22394.992032647635,11325.102393052402,1560.0379700638648,42921.74554421479,10026.102393052402,2448.5132264623367,38892.50044812282,9377.151880255458,40902.013674585156,10501.630625722417,9834.859074323984,9777.901977534255,10045.855531846744,10273.213783324898,9941.72023012635,19846.62249713244,10417.541767989354,9854.812173787992,10137.845539949734,1230.4118990674847,444.63962478613854,2345.5538263734265,901.4147657845853,38893.733543021415,39487.639902163384,38463.31734209535,39318.82282975997,40020.70219375967,38262.14046084902,76691.00064129746,38463.18271393923,39717.68683490169,39579.735258876564,52665.355405159935,15064.446463550492,777.431527765011,52690.355405159935,15077.446463550492,779.431527765011,51431.22997782915,14489.577649450874,1732.8193268965613,25946.383119284932,20162.476335121453,1485.73186962964,1142.125427330786,976.6064422988536,1006.5189850319323,6045.80780975737,3209.863055530022,1868.6501709323145,848.6501709323145,715.8250854661572,475.8688140996179,340.9125427330786,248.8688140996179,560.8688140996179,240.86881409961794,322.69389956577515,277.9125427330786,137.9562713665393,318.8250854661572,50499.19200776528,13066.577649450874,2286.906784163483,49301.80420863373,13324.665106717795,2123.7318696296397
49,005,172468.15443380387,31709.467836128628,47752.68245952585,71797.12768327651,119872.67344928083,26389.013384387752,32423.721602106074,45735.012202981176,31807.68956457065,1467.161768992893,10680.733876056012,27456.528101975535,1999.398737591308,11579.033737542075,20737.284816220243,15563.913607516952,31165.013001446157,30412.161861128512,30326.8435240245,30797.673042417096,31927.711947446387,30124.03541731548,60978.26129572577,30776.56648808565,30563.453472160698,34159.16564496424,1310.526815248158,439.25573377049193,2436.4307238189226,1155.657077072917,10613.512336487564,11150.082981490035,10129.968421086029,10962.351845776175,10192.86671369843,10219.82238688179,20210.561440763693,10095.101019598129,11332.108378383202,1184.3896534500755,14711.202686616734,40701.901464142844,665.0934228632852,14699.510184015191,40704.33567928611,664.0940319226291,14204.396613093922,39662.31478448646,1638.5750342223873,6402.599453393475,4889.403913657878,726.4210183985516,612.7703764580499,299.96617706667735,511.4977394377614,21476.229248333802,7519.196055499496,2592.1763454155926,3451.086564520086,2157.866200800522,1031.0246070692417,678.0210063408408,297.4906582420247,390.5296798886874,250.33755396380022,229.6407062395947,265.2395739493833,187.13330384244153,211.71734034568786,13703.895759966716,38208.637351873855,2567.196961542343,13558.482755586576,38452.31808609742,1960.8719855925262
50,007,171497.39107026724,117399.4239427073,39053.0025027804,11684.96427830795,128244.52061430097,91081.54525201418,28241.00189323426,6971.973153885288,14071.883513837327,900.8226625968312,43617.72547226077,11843.141135389425,1620.650648863743,40392.786822208465,8575.46013410476,42922.67618466713,12497.958410396104,11998.873286779704,12091.049372661566,12186.909147722594,12534.505824415812,11548.652243299388,24341.264490898364,13220.701096691828,11876.646029532372,10.430066369174124,737.0961551229601,239.39313786076175,1604.5579644514105,492.7031782826211,40459.904739384765,40921.67993973985,40233.18146187455,40851.24801208209,41613.35558955109,39715.46196498251,80143.48845276429,39603.925461035244,41408.61701871843,45463.96838429091,50622.72096342478,16249.016532873738,498.8926748545676,50658.72096342478,16208.016532873738,501.8926748545676,49910.74478191099,15344.044075925425,1189.7819536373588,20366.159926731667,23735.37575760886,1229.3051112070914,690.538882790653,1932.57497823247,904.3924008350838,8174.19023462557,3060.4789688626206,1164.7458581955423,1131.4260666234115,974.7065340336776,367.3931999016432,281.3898875057311,169.92990406639953,272.95954206811984,136.46329583524368,260.96599950821604,223.71307514963786,100.9266753463514,208.85980813279903,48938.29998089188,14690.629874088056,1457.7657263612546,47836.32727291597,14739.340519584204,1350.4951961387249
51,012,173032.7519750073,56427.35308110884,107081.7828261536,6146.788235285636,130496.26659553076,47430.946652916966,76284.64255766272,4549.831794410163,38365.44323085853,797.9820953208948,22487.939656135128,32931.10309904066,1046.7498806229864,23626.838924261032,21761.152776358227,28614.78463098169,34918.17103513086,33830.89605208806,34353.56478961443,34347.28030001198,36027.87788677188,32932.08270532013,68774.99026464146,35464.68016170356,34349.7629832297,44413.81224807687,830.5027426470111,224.51839839063672,1543.4903152223249,625.3554763783318,21004.390054471154,21765.57882458272,20643.10698072827,21530.823655968914,21193.277735784697,20689.79809036904,41359.02260292958,20104.89551217481,21703.338707379313,181.10529686412102,23832.77409179201,41069.16154246083,460.52411160955575,23819.616894702856,41060.31802336282,459.52411160955575,24041.849109400762,39664.8854016668,905.1253893893597,11976.7546883656,10122.600389286508,425.15146759183943,377.6777277628878,297.0735852344272,309.3086646809925,28255.382024423674,5416.376896042353,1522.3912080985267,1872.2129461170432,1334.8074142752325,630.3479981895649,566.6798763243803,280.4455130649792,189.84137053651858,138.99785143850738,162.99928381283578,212.68130869870873,85.9985676256716,194.60271015413227,23412.779821289325,38568.22730642191,1354.9638951772215,23098.0927830933,38633.38521969823,1137.7323966664771
52,013,171537.87277216907,104460.12484707631,55191.3158379181,8156.258474271469,128350.23422854314,81918.43967384042,39113.437882538536,5009.201992173076,19232.690481452348,1077.6280171733738,43235.25250523585,15910.980050798873,1432.8373860131142,42272.64199967298,10927.416515174713,44430.45322210562,18019.453947374637,16902.679843370955,17306.619461422455,17468.903402832064,18522.918473700935,16774.721810323983,35079.134446566575,18920.7758376948,17154.957775469797,92.96732032892662,998.1818413171925,284.01902247078283,1847.0979951860015,641.7919704025109,41567.04859662692,42549.3025114067,41301.624643913165,42119.8341628075,42526.361335986236,41059.80896977286,82215.09605525213,40395.10163599815,42626.46819264879,48624.53551666531,48706.377248617646,22814.972169850047,610.1594092142259,48704.5344457068,22805.815688948056,611.1594092142259,48454.86178103181,21701.5647898203,1188.3884689172287,24771.917236026908,20318.750185174773,862.75227822048,548.0792013904063,705.3668647426484,587.3014478132766,14491.356929626461,3284.136962264236,1124.43912938428,1212.0072788714945,824.3394023837928,424.1887059751915,345.93023616988864,170.55448693502083,337.84215028726294,115.53885272624892,210.6842370109457,220.39209963080387,92.00143237432842,173.3972898458678,47763.58687335386,20394.2962933947,1787.6233714588795,47215.81061571463,20607.13838011838,1423.7080533105986
53,023,171547.40742562362,99161.73472820286,61642.28411926143,5516.320781509148,128037.50998451567,77751.29378031452,43426.96160304585,3563.218696708088,28082.176092249156,1340.656179805581,40627.97737885982,23660.819174144075,1853.5607010790554,39636.23790011133,15258.510182224773,43961.53319345833,26337.056374967968,25256.6238552257,25309.68548114782,25729.49842034362,26759.028052036592,25002.30001921727,51228.3208338649,29425.242138333793,25501.845242908785,9.892250516327167,1160.5619967716605,412.8136001828158,2515.009933128718,799.5165617044657,38295.30130425807,39040.98781217596,38192.18323305597,38870.05096728812,39143.192099751046,37809.59201238678,75504.91470603494,35143.50596840133,39303.70022850831,48732.0857460073,46018.8268840756,33674.7797834902,854.3904817685143,46016.8268840756,33668.7797834902,854.3904817685143,45843.672550784024,32290.320533354086,1516.143790325077,25143.282416396767,17102.355625821037,866.2411462457695,688.2227909106557,613.29576855313,755.9285203770199,19946.983728665407,4898.095705661612,1561.0212914266888,1520.0567829315414,1554.403722025476,564.6834881222518,410.8386398171595,1860.7682489260603,439.23103947610906,196.2649899045217,290.7692053322306,203.15054982079513,144.03014091120014,157.952512417615,44993.81819763708,31002.04308024021,2167.4089452094513,44551.98167309023,30944.464045526227,1892.1205204056228
54,024,172575.80809855592,124470.02707612357,33326.43336314153,6937.217442413546,129132.32637866154,95630.50770665592,24350.052395409984,4231.309175119892,25206.472971317613,2498.2691828224174,57451.88066934855,21147.0836564875,2950.319879125742,56241.58282941104,15258.713589106414,61333.06362394804,27460.340347507452,25779.170150951377,25951.131794806966,26418.241163080074,27747.32328435368,26421.112152220503,52442.33270933538,28974.56486547147,26776.17853899365,0.807382180867519,2141.185721237796,844.0895026350481,4278.443001717469,1638.1287934961065,59833.725637826115,61170.83801983205,59186.768730884425,60621.855784540414,60399.81121778102,59179.68957158805,117605.38231764542,57224.43151686101,60716.9085122379,70618.34670014156,68402.0385878286,35634.46621916829,1435.5498076851256,68397.0385878286,35630.46621916829,1436.5498076851256,68400.19292018597,33758.99264421078,2259.7815715244105,33342.06074953184,30558.233853737464,1246.7439259424757,1090.754817462538,868.7042312652179,929.049088151876,19522.038510524864,5357.665452594101,2604.904069877841,1523.8760429924996,1623.4768577122138,704.3165117220456,462.1464325786881,1429.157112741774,817.7316414486348,294.7126186503246,366.20093961516716,312.81213146725344,229.96985903689918,284.01763255573314,68059.01741773539,31536.441765589825,3436.4193872519727,67442.82408738532,31701.005872959162,2967.760058397856
55,048,171133.30249215744,80849.17869118799,24551.748075673844,21225.943480303788,122763.58561632737,61491.139672588724,16636.241521599837,13641.099806877553,35092.177725018926,2899.6703287828823,31416.04251473339,28232.985180608674,3361.5843275958077,35149.57428604821,21429.730524229984,40340.029611863414,36171.061871584134,34771.79771263897,34904.75943793804,34988.76923364261,37365.96907238378,35772.96921745912,69922.73024803931,35684.39198169172,34427.181268166656,35413.67187392105,2257.3836423221132,978.3084272561165,4417.034675553305,1931.8117040319044,30077.716734693488,31068.421890783786,28985.70213296176,30813.383347826442,28919.8821670912,29356.432633697834,57574.41135068095,29003.342019894735,31708.763994320645,30693.29960948849,36275.39930553874,52610.85463589438,1212.550977611971,36228.4543742946,52539.86655910185,1216.556051435159,37190.6105254738,50067.87802463454,2190.4673811724033,19762.691928338223,12908.676982869803,1009.6801105853187,940.8407455878789,551.9230265755206,759.9165192899253,30871.497469986945,7188.402991757613,4183.889055285399,2807.4576882447122,2002.234828476037,974.7924390493655,698.9005563879734,415.90798707838724,711.8101179963323,360.76733549707734,376.9597080295768,322.9377810528445,251.9988386039729,293.9500411389922,37148.303851088174,46780.61543119572,3710.424956434912,36799.16533276673,47198.66169948357,3129.6234773435754
